QC,company_name,domain,Confidence Level,Vmware Detection,Firmo Status,keyword,company_url,AWS - Previous Detected Date,AWS - Last Detected Link,AWS - Last Detected Date,Remark,
Krishna,AT&S India,www.ats.net,HIGH,VMware,Working,AWS,https://ats.net/en/new-life-at-the-edge-of-the-cloud/,,,,,https://ats.net/en/new-life-at-the-edge-of-the-cloud/
Krishna,Atlas Copco Australia,http://www.atlascopco.com/,HIGH,VMware,Working,AWS,https://www.atlascopco.com/en-us/vacuum-solutions/products/liquid-ring-vacuum-pumps-range/liquid-ring-vacuum-pumps/aws-liquid-ring-vacuum-pumps,,,,,https://www.atlascopco.com/en-us/vacuum-solutions/products/liquid-ring-vacuum-pumps-range/liquid-ring-vacuum-pumps/aws-liquid-ring-vacuum-pumps
Krishna,Atos (Australia) Pty Ltd,http://www.atos.net/,HIGH,VMware,,AWS cloud,https://atos.net/en/events/aws-reivent-2024,,,,,https://atos.net/en/events/aws-reivent-2024
Krishna,Aurecon Australia,http://www.aurecongroup.com/,HIGH,VMware,Working,AWS,https://www.aurecongroup.com/podcast/episodes/34,,,,,https://www.aurecongroup.com/podcast/episodes/34
Krishna,Ausco Modular,http://www.ausco.com.au/,,VMware,Working,AWS,https://ausco.com.au/blog/eastern-creek-sydneys-latest-industrial-growth-centre,,,,,https://ausco.com.au/blog/eastern-creek-sydneys-latest-industrial-growth-centre
Krishna,AUSTRALIAN STOCK EXCHANGE LIMITED,http://www.asx.com.au/,HIGH,VMware,Invalid Country,AWS,https://www.asx.com.au/asxpdf/20080918/pdf/31ccqr4jq5wbfh.pdf,,,,Australia,https://www.asx.com.au/asxpdf/20080918/pdf/31ccqr4jq5wbfh.pdf
Krishna,AUSTRALIAN STOCK EXCHANGE LIMITED,http://www.asx.com.au/,HIGH,VMware,,EC2,https://www.asx.com.au/asxpdf/20230320/pdf/45mvb621j62nxl.pdf,,,,,https://www.asx.com.au/asxpdf/20230320/pdf/45mvb621j62nxl.pdf
Krishna,Autoliv Korea,http://www.autoliv.com/,HIGH,VMware,,VPC,https://www.autoliv.com/sites/autoliv/files/pr/alv_annual_report_2000_eng.pdf,,,,,https://www.autoliv.com/sites/autoliv/files/pr/alv_annual_report_2000_eng.pdf
Krishna,Avanade,http://www.avanade.com/,LOW,VMware,Working,AWS,https://www.avanade.com/en/insights/articles/ai-assisted-development-strategies,,,,,https://www.avanade.com/en/insights/articles/ai-assisted-development-strategies
Krishna,AVL INDIA PVT.LTD,www.avl.com,HIGH,VMware,Working,AWS,https://www.avl.com/en/webinars/optimize-your-avl-simulation-portfolio-rescales-cloud-hpc-platform,,,,,https://www.avl.com/en/webinars/optimize-your-avl-simulation-portfolio-rescales-cloud-hpc-platform
Krishna,Azured Consulting Pty Ltd,http://www.azured.com.au/,HIGH,VMware,Working,AWS,https://azured.com.au/frequently-asked-questions/,,,,,https://azured.com.au/frequently-asked-questions/
Krishna,Bankaltimtara,https://bankaltimtara.co.id,HIGH,VMware,Working,AWS,https://www.bankaltimtara.co.id/id/bankaltim-serahkan-bantuan-ambulans-untuk-rsud-abdul-wahab-sjahranie-samarinda,,,,,https://www.bankaltimtara.co.id/id/bankaltim-serahkan-bantuan-ambulans-untuk-rsud-abdul-wahab-sjahranie-samarinda
Krishna,BCS,https://bcstechnology.com.au/,HIGH,VMware,,AWS,http://staging.bcstechnology.com.au/about-us/partners/,,,,,http://staging.bcstechnology.com.au/about-us/partners/
Krishna,BECHTEL AUSTRALIA PROPRIETARY LIMITED,https://www.bechtel.com/regions/australia/,HIGH,VMware,Working,AWS,https://www.bechtel.com/press-releases/bechtel-receives-aws-excellence-in-welding-award-for-2015/,,,,,https://www.bechtel.com/press-releases/bechtel-receives-aws-excellence-in-welding-award-for-2015/
Krishna,BECODE,http://www.becode.org/,HIGH,VMware,Wrong Firmographics,AWS cloud,https://becode.org/about-us/femmeforward/,,,,,https://becode.org/about-us/femmeforward/
Krishna,Becton Dickinson and Company,https://www.bd.com/en-in,HIGH,VMware,Working,AWS,https://www.bd.com/content/dam/bd-assets/na/integrated-diagnostic-solutions/documents/brochure/BD-MAX-System-2087-US-0423.pdf,,,,,https://www.bd.com/content/dam/bd-assets/na/integrated-diagnostic-solutions/documents/brochure/BD-MAX-System-2087-US-0423.pdf
Krishna,Beiersdof Indonesia,https://www.beiersdorf.com/about-us/beiersdorf-global,HIGH,VMware,Working,AWS,https://www.beiersdorf.com/career/jobs/def77782c1b57983b5e800badcc9ea99,,,,,https://www.beiersdorf.com/career/jobs/def77782c1b57983b5e800badcc9ea99
Krishna,benchmark it services,http://www.benchmarkitservices.com/,HIGH,VMware,,Amazon EC2,https://www.benchmarkitservices.com/blog/,,,,,https://www.benchmarkitservices.com/blog/
Krishna,Bespoke Training Services,http://www.bespoketraining.com/,HIGH,VMware,,AWS,https://www.bespoketraining.com/aws-learning-paths/,,,,,https://www.bespoketraining.com/aws-learning-paths/
Krishna,Beyond Technology Consulting,http://www.beyondtechnology.net/,HIGH,VMware,Working,AWS cloud,https://beyondtechnology.net/aws-cloud-security-best-practices/,,,,,https://beyondtechnology.net/aws-cloud-security-best-practices/
Krishna,Beyond Technology Consulting,http://www.beyondtechnology.net/,HIGH,VMware,,IAM,https://beyondtechnology.net/aws-cloud-security-best-practices/,,,,,https://beyondtechnology.net/aws-cloud-security-best-practices/
Krishna,Bicns,http://www.bicns.com/,HIGH,VMware,Working,AWS,http://www.bicns.com/community/list.do?TG=%ED%95%98%EC%9D%B4%ED%8D%BC&TPN=1,,,,,http://www.bicns.com/community/list.do?TG=%ED%95%98%EC%9D%B4%ED%8D%BC&TPN=1
Krishna,,,HIGH,VMware,,AWS,https://www.bigcommerce.com/articles/ecommerce/saas-vs-paas-vs-iaas/,,,,,https://www.bigcommerce.com/articles/ecommerce/saas-vs-paas-vs-iaas/
Krishna,Birlasoft,http://www.birlasoft.com/,HIGH,VMware,,AWS,https://www.birlasoft.com/services/enterprise-products/aws,,,,,https://www.birlasoft.com/services/enterprise-products/aws
Krishna,Bisalloy Steels,http://www.bisalloy.com.au/,HIGH,VMware,Working,AWS,https://www.bisalloy.com.au/app/uploads/2024/01/bisalloy-technical-guide-digital.pdf,,,,,https://www.bisalloy.com.au/app/uploads/2024/01/bisalloy-technical-guide-digital.pdf
Krishna,Bloom Energy,http://www.bloomenergy.com/,HIGH,VMware,Working,AWS,https://www.bloomenergy.com/event/aws-energy-symposium/,,,,,https://www.bloomenergy.com/event/aws-energy-symposium/
Krishna,Blue Connections,https://www.blueconnections.com.au/,HIGH,VMware,,AWS cloud,https://www.blueconnections.com.au/wp-content/uploads/2020/07/Whitepaper_-_VMware_Whats_Next_for_HCI.pdf,,,,,https://www.blueconnections.com.au/wp-content/uploads/2020/07/Whitepaper_-_VMware_Whats_Next_for_HCI.pdf
Krishna,Bluescope,http://www.bluescope.com/,HIGH,VMware,Working,AWS,https://www.bluescope.com/content/dam/bluescope/corporate/bluescope-com/westen-post/documents/Western%20Port%20Water%20Stewardship%20Plan.pdf,,,,,https://www.bluescope.com/content/dam/bluescope/corporate/bluescope-com/westen-post/documents/Western%20Port%20Water%20Stewardship%20Plan.pdf
Krishna,,,HIGH,VMware,,S3,https://www.bluescope.com/content/dam/bluescope/corporate/bluescope-com/illawarra/documents/2023-environmental-impact-statement-appendices.pdf,,,,,https://www.bluescope.com/content/dam/bluescope/corporate/bluescope-com/illawarra/documents/2023-environmental-impact-statement-appendices.pdf
Krishna,Bluescope Singapore,https://www.bluescope.com/our-company/where-we-are/locations,HIGH,VMware,Working,Glue,https://www.bluescope.com/content/dam/bluescope/corporate/bluescope-com/sustainability/documents/2022_BlueScope_Report_Sustainability_Report.pdf,,,,,https://www.bluescope.com/content/dam/bluescope/corporate/bluescope-com/sustainability/documents/2022_BlueScope_Report_Sustainability_Report.pdf
Krishna,blueSkyTel,https://www.nexionnetworks.com/,HIGH,VMware,,EC2,https://www.nexionnetworks.com/spot-by-netapp/,,,,,https://www.nexionnetworks.com/spot-by-netapp/
Krishna,Borderless CS,https://borderlesscs.com.au/,HIGH,VMware,Working,AWS,https://borderlesscs.com.au/cloud-security-breaches-misconfigurations-vulnerabilities/,,,,,https://borderlesscs.com.au/cloud-security-breaches-misconfigurations-vulnerabilities/
Krishna,Borderless CS,https://borderlesscs.com.au/,HIGH,VMware,,Shield,https://borderlesscs.com.au/about-us/,,,,,https://borderlesscs.com.au/about-us/
Krishna,Bremmar Communications,http://www.bremmar.com.au/,HIGH,VMware,Working,AWS,https://bremmar.com.au/disruptive-technologies-in-the-engineering-industry-and-how-to-prepare-for-them/,,,,,https://bremmar.com.au/disruptive-technologies-in-the-engineering-industry-and-how-to-prepare-for-them/
Krishna,Brisbane Airport Corporation,http://www.bne.com.au/,HIGH,VMware,Working,AWS,https://www.bne.com.au/sites/default/files/docs/Brisbane-Airport-2020-Master-Plan.pdf,,,,,https://www.bne.com.au/sites/default/files/docs/Brisbane-Airport-2020-Master-Plan.pdf
Krishna,Bristol Myers Squibb (APAC),http://www.bms.com/,HIGH,VMware,,RDS,https://www.bms.com/es/archive/job-search-results/job-details.html?requisitionId=R1592033,,,,,https://www.bms.com/es/archive/job-search-results/job-details.html?requisitionId=R1592033
Krishna,British American Tobacco Indonesia,https://bat.com/id,HIGH,VMware,Working,AWS,https://www.bat.com/sustainability-and-esg/nature,,,,,https://www.bat.com/sustainability-and-esg/nature
Krishna,British American Tobacco Indonesia,https://bat.com/id,HIGH,VMware,,S3,https://www.bat.com/content/dam/batcom/global/main-nav/investors-and-reporting/reporting/sustainability-reporting/BAT_Sustainability_Performance_DataBook_2024.pdf,,,,,https://www.bat.com/content/dam/batcom/global/main-nav/investors-and-reporting/reporting/sustainability-reporting/BAT_Sustainability_Performance_DataBook_2024.pdf
Krishna,BT Australasia PTY Ltd,https://www.bt.com/about,LOW,VMware,,Shield,https://www.bt.com/bt-plc/assets/documents/bt-plc-financial-results/annual-reports/2018-bt-plc-annual-report.pdf,,,,,https://www.bt.com/bt-plc/assets/documents/bt-plc-financial-results/annual-reports/2018-bt-plc-annual-report.pdf
Krishna,Business Aspect,http://www.businessaspect.com.au/,HIGH,VMware,Working,AWS,https://www.businessaspect.com.au/insights/a-practical-guide-to-adopting-public-cloud-service-level-agreements/,,,,,https://www.businessaspect.com.au/insights/a-practical-guide-to-adopting-public-cloud-service-level-agreements/
Krishna,bytebridge,http://www.bytebt.com/,HIGH,VMware,Working,AWS,https://www.bytebt.com/the-realities-of-ai-what-it-is-and-isnt-in-cybersecurity/,,,,,https://www.bytebt.com/the-realities-of-ai-what-it-is-and-isnt-in-cybersecurity/
Krishna,Calix,http://www.calix.com/,HIGH,VMware,Invalid Country,AWS,https://www.calix.com/blog/2024/05/what-are-platforms-and-why-are-they-so-powerful.html,,,,,https://www.calix.com/blog/2024/05/what-are-platforms-and-why-are-they-so-powerful.html
Krishna,CAMBRIDGE UNIVERSITY PRESS (HOLDINGS) LTD.,http://www.cambridge.org/,HIGH,VMware,Invalid Industry,Shield,https://www.cambridge.org/core/books/legality-and-accountability-of-autonomous-weapon-systems/aws/DA0EEDED54A002BBD37DC525DCDECA9E,,,,,https://www.cambridge.org/core/books/legality-and-accountability-of-autonomous-weapon-systems/aws/DA0EEDED54A002BBD37DC525DCDECA9E
Krishna,Canam Group Limited,http://www.canam.com/,HIGH,VMware,Invalid Country,AWS,https://www.canam.com/en/steel-joists-and-deck/,,,,Country USA,https://www.canam.com/en/steel-joists-and-deck/
Krishna,Capcom Korea,https://www.capcom-games.com/en-asia/,LOW,VMware,Working,AWS,https://www.capcom-games.com/cgc/2025/ja-jp/network/,,,,,https://www.capcom-games.com/cgc/2025/ja-jp/network/
Krishna,,,LOW,VMware,,S3,https://capsuletech.com/clinical-insights-manager,,,,,https://capsuletech.com/clinical-insights-manager
Krishna,Carel Australia,http://www.carel.com/,LOW,VMware,Working,AWS,https://www.carel.com/documents/10191/0/+050001038/883ad9fb-b7d4-432a-8a06-19c54676ef76?version=1.0,,,,,https://www.carel.com/documents/10191/0/+050001038/883ad9fb-b7d4-432a-8a06-19c54676ef76?version=1.0
Krishna,CBN Media,http://www.cbn.com/,HIGH,VMware,,Shield,https://courses.cbn.com/pages/cbn-third-party-processor-information,,,,,https://courses.cbn.com/pages/cbn-third-party-processor-information
Krishna,,,HIGH,VMware,,AWS cloud,https://www.centurylink.com/aws,,,,,https://www.centurylink.com/aws
Krishna,Cenvera Business Services Pty Ltd,http://www.convera.com/,HIGH,VMware,Wrong Firmographics,AWS,https://convera.com/data-center-migration/,,,,Company Name & website name not match,https://convera.com/data-center-migration/
Krishna,CHANEL (AUSTRALIA) PTY LTD,http://www.chanel.com/,LOW,VMware,Working,AWS,https://www.chanel.com/us/chanel-next-prize/2024/tolia-astakhishvili/,,,,,https://www.chanel.com/us/chanel-next-prize/2024/tolia-astakhishvili/
Krishna,Chiang Rai Rajabhat University,http://www.crru.ac.th/,LOW,VMware,Invalid Industry,AWS,https://aritc.crru.ac.th/news/detail?id=616,,,,,https://aritc.crru.ac.th/news/detail?id=616
Krishna,China Steel Corporation India Pvt. Ltd.,https://www.csc.com.tw/csc_e/gc/gro_ste_p5.html,HIGH,VMware,Working,AWS,https://www.csc.com.tw/csc_e/pd/inta/inta.html,,,,,https://www.csc.com.tw/csc_e/pd/inta/inta.html
Krishna,,,HIGH,VMware,,VPC,https://www.csc.com.tw/csc/ts/ena/pdf/no37/pages/17-Scalable%20AI%20Training%20in%20Hybrid%20Cloud%20Environments%20for%20Enhancing%20Edge%20Model%20Retraining%20Efficiency.pdf,,,,,https://www.csc.com.tw/csc/ts/ena/pdf/no37/pages/17-Scalable%20AI%20Training%20in%20Hybrid%20Cloud%20Environments%20for%20Enhancing%20Edge%20Model%20Retraining%20Efficiency.pdf
Krishna,Chubb Insurance Singapore Limited,https://www.chubb.com/,HIGH,VMware,Working,AWS,https://www.chubb.com/content/dam/chubb-sites/chubb-com/uk-en/about-us/europe-financial-information/documents/pdf/2021-esg-report-english.pdf,,,,,https://www.chubb.com/content/dam/chubb-sites/chubb-com/uk-en/about-us/europe-financial-information/documents/pdf/2021-esg-report-english.pdf
Krishna,Clear Technology Solutions,http://www.cleartechnologies.net/,HIGH,VMware,Invalid Country,AWS,https://www.cleartechnologies.net/searching-for-your-next-data-center-clear-technologies-can-help/,,,,,https://www.cleartechnologies.net/searching-for-your-next-data-center-clear-technologies-can-help/
Krishna,Cloud Ready Solutions,http://www.cloudreadysolutions.com.au/,HIGH,VMware,Working,EC2,https://www.cloudreadysolutions.com.au/nimesa-distributor,,,,,https://www.cloudreadysolutions.com.au/nimesa-distributor
Krishna,,http://www.cloudreadysolutions.com.au/,HIGH,VMware,,RDS,https://www.cloudreadysolutions.com.au/nimesa-distributor,,,,,https://www.cloudreadysolutions.com.au/nimesa-distributor
Krishna,CloudCard Inc.,http://www.cloudcardinc.com,HIGH,VMware,Invalid Country,AWS cloud,https://www.cloudcardinc.com/jobs/senior-devops-engineer/,,,,,https://www.cloudcardinc.com/jobs/senior-devops-engineer/
Krishna,CloudCard Inc.,http://www.cloudcardinc.com,HIGH,VMware,,CodePipeline,https://www.cloudcardinc.com/jobs/senior-devops-engineer/,,,,,https://www.cloudcardinc.com/jobs/senior-devops-engineer/
Krishna,,,HIGH,VMware,,AWS,https://cloudec.com.au/finops-services/aws-cfm/,,,,,https://cloudec.com.au/finops-services/aws-cfm/
Krishna,CloudRecover Pty Ltd,https://www.ziffdavis.com/,HIGH,VMware,Aquired or merged By Other Company,AWS,https://www.ziffdavis.com/about/news/stephen-bye-we-help-our-customers-serve-their-customers-better,,,,CloudRecover was acquired by Ziff Davis in 2017. ,https://www.ziffdavis.com/about/news/stephen-bye-we-help-our-customers-serve-their-customers-better
Krishna,CloudRecover Pty Ltd,https://www.ziffdavis.com/,HIGH,VMware,,Shield,https://www.ziffdavis.com/about/news/7-best-network-scanners-network-analysis-management-tools,,,,,https://www.ziffdavis.com/about/news/7-best-network-scanners-network-analysis-management-tools
Krishna,CNN INDONESIA,https://www.cnnindonesia.com,HIGH,VMware,Working,AWS,https://www.cnnindonesia.com/ekonomi/20240827175540-625-1138200/telkomsel-dan-aws-tuntaskan-program-inklusi-digital-terampil-di-awan,,,,Linkedin updated,https://www.cnnindonesia.com/ekonomi/20240827175540-625-1138200/telkomsel-dan-aws-tuntaskan-program-inklusi-digital-terampil-di-awan
Krishna,Coates Signoco Pty Ltd,http://www.coatesgroup.com/,HIGH,VMware,Working,AWS,https://coatesgroup.com/insights/thought-leadership/interview-coates-x-aws,,,,,https://coatesgroup.com/insights/thought-leadership/interview-coates-x-aws
Krishna,,https://www.ccamatil.com/id,HIGH,VMware,,S3,https://www.cocacolaep.com/assets/Global/Investors/2024-Annual-Report/2024-CCEP-Annual-Report-and-Form-20-F-print-version.pdf,,,,,https://www.cocacolaep.com/assets/Global/Investors/2024-Annual-Report/2024-CCEP-Annual-Report-and-Form-20-F-print-version.pdf
Krishna,Coca-Cola Europacific Partners,http://www.cocacolaep.com/,HIGH,VMware,Working,AWS,https://www.cocacolaep.com/sustainability/this-is-forward/water/,,,,,https://www.cocacolaep.com/sustainability/this-is-forward/water/
Krishna,Coca-Cola Europacific Partners,http://www.cocacolaep.com/,HIGH,VMware,,Glue,https://www.cocacolaep.com/assets/Global/Investors/2024-Annual-Report/2024-CCEP-Annual-Report-and-Form-20-F-print-version.pdf,,,,,https://www.cocacolaep.com/assets/Global/Investors/2024-Annual-Report/2024-CCEP-Annual-Report-and-Form-20-F-print-version.pdf
Krishna,Cogito Group Pty Ltd,http://www.cogitogroup.net/,HIGH,VMware,Working,Amazon EC2,https://cogitogroup.net/pros-and-cons-of-amazon-web-services/,,,,,https://cogitogroup.net/pros-and-cons-of-amazon-web-services/
Krishna,Cogito Group Pty Ltd,http://www.cogitogroup.net/,HIGH,VMware,,AWS,https://cogitogroup.net/pros-and-cons-of-amazon-web-services/,,,,,https://cogitogroup.net/pros-and-cons-of-amazon-web-services/
Krishna,CohnReznick APAC,http://www.cohnreznick.com/,HIGH,VMware,Working,AWS,https://www.cohnreznick.com/insights/federal-agencies-relief-cyber-compliance,,,,,https://www.cohnreznick.com/insights/federal-agencies-relief-cyber-compliance
Krishna,Commend Australia,http://www.commend.com.au/,HIGH,VMware,,Shield,https://www.commend.com/de/jobs/jobs-bei-commend-in-salzburg/detail/senior-intercom-developer-position/,,,,,https://www.commend.com/de/jobs/jobs-bei-commend-in-salzburg/detail/senior-intercom-developer-position/
Krishna,ContentKeeper Technologies,https://www.imperosoftware.com/,HIGH,VMware,Aquired or merged By Other Company,AWS,https://www.ativion.com/amazon-nova-in-eu-and-asia-pacific-announcement/,,,,ContentKeeper has joined Impero Software,https://www.ativion.com/amazon-nova-in-eu-and-asia-pacific-announcement/
Krishna,CoreSec,http://www.corsec.com/,HIGH,VMware,Wrong Firmographics,AWS,https://www.corsec.com/cmvp-interim/,,,,Company Name & website name not match,https://www.corsec.com/cmvp-interim/
Krishna,CoreSec,http://www.corsec.com/,HIGH,VMware,,Lambda,https://www.corsec.com/cmvp-interim/,,,,,https://www.corsec.com/cmvp-interim/
Krishna,Cotelligent India Pvt Ltd,https://www.cotelligent.com/,HIGH,VMware,,RDS,https://www.cotelligent.com/resources/aws-iam-comprehensive-guide-for-cloud-security-132,,,,,https://www.cotelligent.com/resources/aws-iam-comprehensive-guide-for-cloud-security-132
Krishna,Coursemonster Pty Ltd,http://www.coursemonster.com/,HIGH,VMware,Invalid Industry,AWS cloud,https://www.coursemonster.com/training-courses/aws-cloud-practitioner-essentials,,,,,https://www.coursemonster.com/training-courses/aws-cloud-practitioner-essentials
Krishna,Coursemonster Pty Ltd,http://www.coursemonster.com/,HIGH,VMware,Invalid Industry,AWS Lambda,https://www.coursemonster.com/training-courses/building-streaming-data-analytics-solutions-on-aws-GK7400,,,,,https://www.coursemonster.com/training-courses/building-streaming-data-analytics-solutions-on-aws-GK7400
Krishna,CPA Australia,http://www.cpaaustralia.com.au/,LOW,VMware,Working,AWS,https://www.cpaaustralia.com.au/tools-and-resources/podcasts/career-skills/financial-data-simplified,,,,,https://www.cpaaustralia.com.au/tools-and-resources/podcasts/career-skills/financial-data-simplified
Krishna,CPA Australia,http://www.cpaaustralia.com.au/,LOW,VMware,,Amazon S3,https://www.cpaaustralia.com.au/-/media/corporate/allfiles/document/professional-resources/ethics/cg-fs-casestudies.pdf?la=en&rev=20e88f19dde1401daa5db44807d3c870,,,,,https://www.cpaaustralia.com.au/-/media/corporate/allfiles/document/professional-resources/ethics/cg-fs-casestudies.pdf?la=en&rev=20e88f19dde1401daa5db44807d3c870
Krishna,Crown Equipment,http://www.crown.com/,HIGH,VMware,,S3,https://www.crown.com/content/dam/crown/pdfs/en-us/brochures/products/allied-products-catalog.pdf,,,,,https://www.crown.com/content/dam/crown/pdfs/en-us/brochures/products/allied-products-catalog.pdf
Krishna,CSLEE,https://www.cslee.co.kr/,LOW,VMware,Working,AWS,https://www.cslee.co.kr/performance.html,,,,,https://www.cslee.co.kr/performance.html
Krishna,CTM professional Services,http://www.ctmps.com/,HIGH,VMware,Working,AWS,https://www.ctmps.com/solution/account-management/,,,,,https://www.ctmps.com/solution/account-management/
Krishna,cubesys,http://www.cubesys.com.au/,HIGH,VMware,,EC2,https://www.cubesys.com.au/blog/aws-you-can-now-set-data-owner-on-your-s3-bucket,,,,,https://www.cubesys.com.au/blog/aws-you-can-now-set-data-owner-on-your-s3-bucket
Krishna,Cummins Asia Pacific,http://www.cummins.com/,HIGH,VMware,Working,AWS,https://www.cummins.com/sites/default/files/2023-10/mta-docs/installation/03_5-66733H_Rev_C.pdf,,,,,https://www.cummins.com/sites/default/files/2023-10/mta-docs/installation/03_5-66733H_Rev_C.pdf
Krishna,Curtin University Malaysia,http://www.curtin.edu.my/,HIGH,VMware,Invalid Industry,AWS,https://engsci.curtin.edu.my/departments/electrical-and-computer-engineering/staff/tuong-thuy-vu/,,,,,https://engsci.curtin.edu.my/departments/electrical-and-computer-engineering/staff/tuong-thuy-vu/
Krishna,Cyberz Pty Ltd,http://www.cybercx.com.au/,HIGH,VMware,Wrong Firmographics,AWS cloud,https://cybercx.com.au/about-cybercx/aws/,,,,Company Name & website name not match,https://cybercx.com.au/about-cybercx/aws/
Krishna,Cyberz Pty Ltd,http://www.cybercx.com.au/,HIGH,VMware,,WAF,https://cybercx.com.au/about-cybercx/aws-security-and-compliance/,,,,,https://cybercx.com.au/about-cybercx/aws-security-and-compliance/
Krishna,Daolts,http://www.daolts.co.kr/,LOW,VMware,Working,AWS,https://www.daolts.co.kr/en/boards/newsdetail/100034,,,,,https://www.daolts.co.kr/en/boards/newsdetail/100034
Krishna,DASSAULT SYSTEMES K. K.,https://www.3ds.com/about/company/office-locations/japan,HIGH,VMware,,IAM,https://www.3ds.com/support/cloud/frequently-asked-questions,,,,,https://www.3ds.com/support/cloud/frequently-asked-questions
Krishna,Data#3,http://www.data3.com/,LOW,VMware,,S3,https://www.data3.com/wp-content/uploads/2025/05/Data3-Azure-Cloud-for-Modernization-of-Apps-Data-and-AI-Suva.pdf,,,,,https://www.data3.com/wp-content/uploads/2025/05/Data3-Azure-Cloud-for-Modernization-of-Apps-Data-and-AI-Suva.pdf
Krishna,DataMossa,http://www.datamossa.com/,HIGH,VMware,Working,AWS,https://status.datamossa.com/,,,,,https://status.datamossa.com/
Krishna,DataMossa,http://www.datamossa.com/,HIGH,VMware,,CloudFront,https://status.datamossa.com/,,,,,https://status.datamossa.com/
Krishna,Datcom Cloud Pty Ltd,http://www.datcom.com.au/,HIGH,VMware,,IAM,https://datcom.com.au/blog/cloud-security-and-penetration-testing,,,,,https://datcom.com.au/blog/cloud-security-and-penetration-testing
Krishna,DB Schenker Australia,http://www.dbschenker.com/,HIGH,VMware,,AWS,https://www.dbschenker.com/tscnanjing-en/news/tsc-news/-success-story-how-to-run-devops-tips-from-tsc-nanjing-webclaims-669266,,,,,https://www.dbschenker.com/tscnanjing-en/news/tsc-news/-success-story-how-to-run-devops-tips-from-tsc-nanjing-webclaims-669266
Krishna,Defender Nusa Semesta,http://www.defenxor.com/,HIGH,VMware,,S3,https://www.defenxor.com/en/blog/cara-identifikasi-misconfiguration-aws-s3-bucket-lakukan-segera-untuk-mengamankan-aset-anda-2/,,,,,https://www.defenxor.com/en/blog/cara-identifikasi-misconfiguration-aws-s3-bucket-lakukan-segera-untuk-mengamankan-aset-anda-2/
Krishna,Dentsply Sirona,http://www.dentsplysirona.com/,HIGH,VMware,Working,AWS,https://www.dentsplysirona.com/content/dam/master/regions-countries/north-america/campaigns-promotions/2020/infection-prevention/PRE-Brochure-Infection-Control-V7.pdf.coredownload.pdf,,,,,https://www.dentsplysirona.com/content/dam/master/regions-countries/north-america/campaigns-promotions/2020/infection-prevention/PRE-Brochure-Infection-Control-V7.pdf.coredownload.pdf
Krishna,Department of Education Skills and Employment,http://www.education.gov.au/,LOW,VMware,Working,AWS,https://www.education.gov.au/newsroom/articles/swinburne-university-celebrates-graduating-women,,,,,https://www.education.gov.au/newsroom/articles/swinburne-university-celebrates-graduating-women
Krishna,Department of Education Skills and Employment,http://www.education.gov.au/,LOW,VMware,,RDS,https://www.education.gov.au/download/18860/draft-final-ndri-investment-plan-recommendations-investment-ndri-working-group/40093/document/pdf,,,,,https://www.education.gov.au/download/18860/draft-final-ndri-investment-plan-recommendations-investment-ndri-working-group/40093/document/pdf
Krishna,DHL Indonesia,https://www.dhl.com/id-id/home.html,HIGH,VMware,,AWS,https://www.dhl.com/content/dam/dhl/global/core/documents/pdf/glo-core-exhibition-proact-ntroduction-auto-mobility-digital.pdf,,,,,https://www.dhl.com/content/dam/dhl/global/core/documents/pdf/glo-core-exhibition-proact-ntroduction-auto-mobility-digital.pdf
Krishna,Dialog,https://dialog.lk,HIGH,VMware,Invalid Country,AWS,https://www.dialog.lk/news/dialog-empowers-enterprises-with-an-unparalleled-dialog-direct-cloud-connect-service,,,,invalid Country Sri Lanka,https://www.dialog.lk/news/dialog-empowers-enterprises-with-an-unparalleled-dialog-direct-cloud-connect-service
Krishna,Digital Information Technologies Corporation,http://www.ditgroup.jp,HIGH,VMware,Working,AWS,https://www.ditgroup.jp/english/,,,,,https://www.ditgroup.jp/english/
Krishna,Digital Information Technologies Corporation,http://www.ditgroup.jp,HIGH,VMware,,CodeDeploy,https://www.ditgroup.jp/showcase/case05.html,,,,,https://www.ditgroup.jp/showcase/case05.html
Krishna,DLA Piper Australia,http://www.dlapiper.com/,HIGH,VMware,Working,AWS,https://www.dlapiper.com/en/insights/publications/real-estate-gazette/real-estate-gazette-data-centers/new-zealand-data-centres-a-case-for-new-zealand,,,,,https://www.dlapiper.com/en/insights/publications/real-estate-gazette/real-estate-gazette-data-centers/new-zealand-data-centres-a-case-for-new-zealand
Krishna,DP Computing,http://www.dpcomputing.com.au/,HIGH,VMware,Working,AWS,https://www.dpcomputing.com.au/newsletters/2025/2507.htm,,,,,https://www.dpcomputing.com.au/newsletters/2025/2507.htm
Krishna,Dr. Reddy's,http://www.drreddys.com/,LOW,VMware,,S3,https://www.drreddys.com/cms/cms/sites/default/files/2025-06/Integrated%20Annual%20Report%202024-25.pdf,,,,,https://www.drreddys.com/cms/cms/sites/default/files/2025-06/Integrated%20Annual%20Report%202024-25.pdf
Krishna,Dupont Powder Coating Indonesia PT,https://www.dupont.com,HIGH,VMware,Working,AWS,https://www.dupont.com/content/dam/dupont/amer/us/en/corporate/about-us/Sustainability/Dupont%202021%20GRI%20Index.pdf,,,,,https://www.dupont.com/content/dam/dupont/amer/us/en/corporate/about-us/Sustainability/Dupont%202021%20GRI%20Index.pdf
Krishna,Dyno Nobel Asia Pacific Pty Limited,http://www.dynonobel.com.au/,HIGH,VMware,Working,AWS,https://www.dynonobel.com.au/siteassets/guides/dyno_nobel_explosive_engineers_guide_2025_01_hr.pdf,,,,,https://www.dynonobel.com.au/siteassets/guides/dyno_nobel_explosive_engineers_guide_2025_01_hr.pdf
Krishna,DZS,http://www.dzsi.com,HIGH,VMware,Invalid Country,AWS,https://dzsi.com/news/news-releases/dzs-participates-in-o-ran-alliance-plugfest-with-mavenir-in-turin-italy/,,,,,https://dzsi.com/news/news-releases/dzs-participates-in-o-ran-alliance-plugfest-with-mavenir-in-turin-italy/
Krishna,Edge Dc,http://www.edge.id/,HIGH,VMware,,AWS Elastic Beanstalk,https://edge.id/articles/types-of-cloud-computing-that-commonly-used-in-indonesia,,,,,https://edge.id/articles/types-of-cloud-computing-that-commonly-used-in-indonesia
Krishna,Effectual Devices,http://www.effectual.com/,HIGH,VMware,Invalid Country,EC2,https://effectual.ai/amazon-web-services-aws/,,,,USA,https://effectual.ai/amazon-web-services-aws/
Krishna,Effectual Devices,http://www.effectual.com/,HIGH,VMware,,AWS,https://effectual.ai/amazon-web-services-aws/,,,,,https://effectual.ai/amazon-web-services-aws/
Krishna,Elcom Australia,http://www.elcom.com.au/,LOW,VMware,Working,AWS,https://www.elcom.com.au/ArticleDocuments/32572/SabrinaReidel_AmazonAWS_CultureofInnovation.pdf.aspx,,,,,https://www.elcom.com.au/ArticleDocuments/32572/SabrinaReidel_AmazonAWS_CultureofInnovation.pdf.aspx
Krishna,,http://www.elcom.com.au/,LOW,VMware,,Glue,https://www.elcom.com.au/resources/guides/intranet-best-practices,,,,,https://www.elcom.com.au/resources/guides/intranet-best-practices
Krishna,Elite Academy,https://www.eliteacademy.id/,HIGH,VMware,Invalid Industry,AWS cloud,https://www.eliteacademy.id/aws-cloud-practitioner,,,,,https://www.eliteacademy.id/aws-cloud-practitioner
Krishna,,https://www.eliteacademy.id/,HIGH,VMware,,Amazon EC2,https://www.eliteacademy.id/post/mengenal-lebih-jauh-tentang-aws-dalam-dunia-cloud-engineering,,,,,https://www.eliteacademy.id/post/mengenal-lebih-jauh-tentang-aws-dalam-dunia-cloud-engineering
Krishna,Endurance Technologies Pvt Ltd,http://www.endurancegroup.com/,HIGH,VMware,Working,AWS,https://www.endurancegroup.com/wp-content/uploads/2022/11/25-06-2020-Financial-Results-Q4-FY-2019-20.pdf,,,,,https://www.endurancegroup.com/wp-content/uploads/2022/11/25-06-2020-Financial-Results-Q4-FY-2019-20.pdf
Krishna,Evolution Mining,http://www.evolutionmining.com.au/,HIGH,VMware,,EC2,https://evolutionmining.com.au/wp-content/uploads/2019/03/Miners-take-their-businesses-to-the-cloud-MM-March-2019.pdf,,,,,https://evolutionmining.com.au/wp-content/uploads/2019/03/Miners-take-their-businesses-to-the-cloud-MM-March-2019.pdf
Krishna,Export-Import Bank Of India,http://www.eximbankindia.in/,LOW,VMware,Working,AWS,https://www.eximbankindia.in/Assets/Dynamic/PDF/Tenders/Hindi/1907PTenders.pdf,,,,,https://www.eximbankindia.in/Assets/Dynamic/PDF/Tenders/Hindi/1907PTenders.pdf
Krishna,Fastlane Asia,http://www.fastlane.asia/,HIGH,VMware,Invalid Industry,AWS cloud,https://www.fastlane.asia/certifications/amazon-web-services,,,,,https://www.fastlane.asia/certifications/amazon-web-services
Krishna,,http://www.fastlane.asia/,HIGH,VMware,,Amazon EC2,https://www.fastlane.asia/amazon-web-services,,,,,https://www.fastlane.asia/amazon-web-services
Krishna,FB Rice,http://www.fbrice.com.au/,HIGH,VMware,,CodeDeploy,https://www.fbrice.com.au/ip-news-insights/lost-property-in-biotech-ip-opportunities-and-risks-in-software-and-big-data/,,,,,https://www.fbrice.com.au/ip-news-insights/lost-property-in-biotech-ip-opportunities-and-risks-in-software-and-big-data/
Krishna,FHI 360 Indonesia,https://www.fhi360.org,HIGH,VMware,Working,AWS,https://www.fhi360.org/resources/aws-educate-impact-stories/,,,,,https://www.fhi360.org/resources/aws-educate-impact-stories/
Krishna,Fildelity Asset Management,http://www.fidelity.com/,HIGH,VMware,,Lambda,https://www.fidelity.com/bin-public/060_www_fidelity_com/external_fcat/documents/A-guide-to-designing-a-conversational-digital-human-avatar-final.pdf,,,,,https://www.fidelity.com/bin-public/060_www_fidelity_com/external_fcat/documents/A-guide-to-designing-a-conversational-digital-human-avatar-final.pdf
Krishna,FIS (SunGard),http://www.fisglobal.com/,HIGH,VMware,Working,AWS,https://www.fisglobal.com/-/media/fisglobal/files/pdf/white-paper/mbp_cloud-enabled-core-banking_white-paper.pdf,,,,,https://www.fisglobal.com/-/media/fisglobal/files/pdf/white-paper/mbp_cloud-enabled-core-banking_white-paper.pdf
Krishna,Focus Systems Corporation,http://www.focus-s.com,HIGH,VMware,,WAF,https://www.focus-s.com/note/0018,,,,,https://www.focus-s.com/note/0018
Krishna,Frequentis Australasia,http://www.frequentis.com/,HIGH,VMware,,EC2,https://www.frequentis.com/sites/default/files/support/2021-12/D3.1%20Report%20on%20State-of-the-Art%20of%20Relevant%20Concepts.pdf,,,,,https://www.frequentis.com/sites/default/files/support/2021-12/D3.1%20Report%20on%20State-of-the-Art%20of%20Relevant%20Concepts.pdf
Krishna,Galexia,http://www.galexia.com/,HIGH,VMware,,Shield,https://www.galexia.com/public/about/news/print-index.html,,,,,https://www.galexia.com/public/about/news/print-index.html
Krishna,GE Healthcare,http://www.gehealthcare.com/,LOW,VMware,,CloudFront,https://www.gehealthcare.com/products/advanced-visualization/platforms/aw-server?srsltid=AfmBOooX4eTUTqPpAv74SmyfYY0mBzdUMWwycNSa04eam9ogH5aqzf4p,,,,,https://www.gehealthcare.com/products/advanced-visualization/platforms/aw-server?srsltid=AfmBOooX4eTUTqPpAv74SmyfYY0mBzdUMWwycNSa04eam9ogH5aqzf4p
Krishna,Gilead (APAC),http://www.gilead.com/,HIGH,VMware,Working,AWS,https://www.gilead.com/-/media/gileadcorpredesign/pdf/company/annual-esg-reports/2024-responsible-business-and-impact-report.pdf,,,,,https://www.gilead.com/-/media/gileadcorpredesign/pdf/company/annual-esg-reports/2024-responsible-business-and-impact-report.pdf
Krishna,,,HIGH,VMware,,Amazon EC2,https://gits.id/blog/aws-vs-google-cloud-mana-lebih-bagus/,,,,,https://gits.id/blog/aws-vs-google-cloud-mana-lebih-bagus/
Krishna,Givaudan Japan K.K.,www.givaudan.com,HIGH,VMware,Working,AWS,https://www.givaudan.com/files/giv-2021-cdp-questionnaire-water.pdf,,,,,https://www.givaudan.com/files/giv-2021-cdp-questionnaire-water.pdf
Krishna,GLAXOSMITHKLINE K.K.,https://www.gsk.com/,HIGH,VMware,,S3,https://www.gsk.com/media/iwxac4h1/annual-report-2023.pdf,,,,,https://www.gsk.com/media/iwxac4h1/annual-report-2023.pdf
Krishna,Global Wavenet Pte Ltd,http://www.globalwavenet.com/,HIGH,VMware,Working,AWS,https://globalwavenet.com/blog-posts/wavenet-launches-a-revolutionary-containerized-application-orchestration-platform-for-csps---ahasa-r,,,,,https://globalwavenet.com/blog-posts/wavenet-launches-a-revolutionary-containerized-application-orchestration-platform-for-csps---ahasa-r
Krishna,GNA University,http://www.gnauniversity.edu.in/,HIGH,VMware,Invalid Industry,AWS cloud,https://www.gnauniversity.edu.in/b-tech-in-computer-science-and-engineering-with-cloud-computing,,,,,https://www.gnauniversity.edu.in/b-tech-in-computer-science-and-engineering-with-cloud-computing
Krishna,Goethe Institut Indonesien,https://www.goethe.de/ins/id/en/index.html,LOW,VMware,Invalid Industry,AWS,https://www.goethe.de/prj/sff/en/aws.html,,,,,https://www.goethe.de/prj/sff/en/aws.html
Krishna,,,LOW,VMware,,AWS,https://www.going.cloud/solutions-billing-service,,,,,https://www.going.cloud/solutions-billing-service
Krishna,Golden Agri Stena Pte. Ltd.,http://www.goldenagri.com.sg/,,VMware,Working,AWS,https://www.goldenagri.com.sg/meet-our-women-scientists-at-smartri-who-make-agriculture-smarter/,,,,Golden Agri-Stena Pte. Ltd. is a joint venture between Golden Agri-Resources (GAR) and Stena Bulk,https://www.goldenagri.com.sg/meet-our-women-scientists-at-smartri-who-make-agriculture-smarter/
Krishna,GrandTech Cloud Malaysia,http://www.grandtechcloud.com,HIGH,VMware,Working,AWS,https://www.grandtechcloud.com/files/file_pool/1/0K216282418976122749/Lifesize%20Cloud%20Security.pdf,,,,,https://www.grandtechcloud.com/files/file_pool/1/0K216282418976122749/Lifesize%20Cloud%20Security.pdf
Krishna,Groupon Australia,http://www.groupon.com.au/,LOW,VMware,Working,AWS,https://www.groupon.com.au/deals/alpha-academy-529,,,,,https://www.groupon.com.au/deals/alpha-academy-529
Krishna,Gsoftcomm PET LTD,http://www.gsoftcomm.net/,HIGH,VMware,,EC2,https://www.gsoftcomm.net/blogs/detecting-unusual-spend-with-aws-cost-anomaly-detection/,,,,,https://www.gsoftcomm.net/blogs/detecting-unusual-spend-with-aws-cost-anomaly-detection/
Krishna,,https://www.theguardian.com/international,HIGH,VMware,,EC2,https://www.theguardian.com/technology/2017/feb/02/amazon-web-services-the-secret-to-the-online-retailers-future-success,,,,,https://www.theguardian.com/technology/2017/feb/02/amazon-web-services-the-secret-to-the-online-retailers-future-success
Krishna,"Gunung Raja Paksi Tbk, PT",https://www.gunungrajapaksi.com/,HIGH,VMware,Working,AWS,https://www.gunungrajapaksi.com/upload/public/download/SR_GGRP_FINAL_2022.pdf,,,,,https://www.gunungrajapaksi.com/upload/public/download/SR_GGRP_FINAL_2022.pdf
Krishna,Haier Appliances India Pvt Ltd,https://www.haier.com/in/,LOW,VMware,Working,AWS,https://www.haier.com/press-events/news/20220616_182530.shtml,,,,,https://www.haier.com/press-events/news/20220616_182530.shtml
Krishna,Halodoc,https://www.halodoc.com/?srsltid=AfmBOooSy_aLiZxEmevTXVTl5F4Iq19o6z_VrZ9GP5SW2ge1PmBd7_Iu,HIGH,VMware,Working,AWS,https://www.halodoc.com/kesehatan/syndrome-alice-dan-wonderland-todd?srsltid=AfmBOoqV_cAsayuT5p2hAI6hNv5-LjIKKbLCbsT3coLoB_WgOi8G2z4w,,,,,https://www.halodoc.com/kesehatan/syndrome-alice-dan-wonderland-todd?srsltid=AfmBOoqV_cAsayuT5p2hAI6hNv5-LjIKKbLCbsT3coLoB_WgOi8G2z4w
Krishna,Hap Seng Consolidated Berhad,http://www.hapseng.com.my/,,VMware,Working,AWS,https://www.hapseng.com.my/en/download/annualreports/consolidated/ar2016.pdf,,,,,https://www.hapseng.com.my/en/download/annualreports/consolidated/ar2016.pdf
Krishna,Happiest Minds Technologies Pvt Ltd,http://www.happiestminds.com,HIGH,VMware,,EC2,https://www.happiestminds.com/about-us/alliance/amazon-web-services/,,,,,https://www.happiestminds.com/about-us/alliance/amazon-web-services/
Krishna,Happiest Minds Technologies Pvt Ltd,http://www.happiestminds.com,HIGH,VMware,,AWS cloud,https://www.happiestminds.com/about-us/alliance/amazon-web-services/,,,,,https://www.happiestminds.com/about-us/alliance/amazon-web-services/
Krishna,Hays Australia,http://www.hays.com.au/,HIGH,VMware,,IAM,https://www.hays.com.au/it/online-learning/skills-development,,,,,https://www.hays.com.au/it/online-learning/skills-development
Krishna,HCH,https://www.homecredit.ph,LOW,VMware,Wrong Firmographics,AWS,https://www.homecredit.ph/dam/jcr:385004be-0c7a-4a38-a024-a632df50ad38/Privacy-by-Design-2024,,,,Wrong Firmographics,https://www.homecredit.ph/dam/jcr:385004be-0c7a-4a38-a024-a632df50ad38/Privacy-by-Design-2024
Krishna,Hirsch Bedner Associates Singapore,http://www.hba.com/,LOW,VMware,Working,AWS,https://www.hba.com/China/12680.pdf,,,,,https://www.hba.com/China/12680.pdf
Krishna,Host Pte Ltd,http://www.host.sg/,HIGH,VMware,Working,AWS,https://www.host.sg/wp-content/uploads/2024/01/Stratus_Machine-Design_eBook_HMI-SCADA-3.pdf,,,,,https://www.host.sg/wp-content/uploads/2024/01/Stratus_Machine-Design_eBook_HMI-SCADA-3.pdf
Krishna,hp inc. Indonesia,https://www.hp.com/id-id/home.html,LOW,VMware,,AWS cloud,http://www.hp.com/education/sections/cloud-courselist.html,,,,,http://www.hp.com/education/sections/cloud-courselist.html
Krishna,Hudson Global Resources (Singapore) Pte. Ltd.,http://www.hudson.sg/,LOW,VMware,Working,AWS,https://www.hudson.sg/jobview/data-platform-engineer-backend/fcce9b79-fea4-4a87-8f4e-feeb5f5decc4/expired/,,,,,https://www.hudson.sg/jobview/data-platform-engineer-backend/fcce9b79-fea4-4a87-8f4e-feeb5f5decc4/expired/
Krishna,I-sprint Innovation,http://www.i-sprint.com/,HIGH,VMware,,IAM,https://www.i-sprint.com/sp-test/,,,,,https://www.i-sprint.com/sp-test/
Krishna,IE Agency,http://www.ie.com.au,HIGH,VMware,Working,AWS,https://www.ie.com.au/insights/futureproduct-what-is-generative-ai-and-what-problem-is-it-solving,,,,,https://www.ie.com.au/insights/futureproduct-what-is-generative-ai-and-what-problem-is-it-solving
Krishna,Iluka Resources,http://www.iluka.com/,HIGH,VMware,Working,AWS,https://www.iluka.com/media/qwthwp3a/s180481_sheet-4-amenity-and-environmental-quality-v1.pdf,,,,,https://www.iluka.com/media/qwthwp3a/s180481_sheet-4-amenity-and-environmental-quality-v1.pdf
Krishna,Imagination Studio,https://imagination.com/,,VMware,Working,AWS,https://imagination.com/work/how-to-solve-tough-problems-with-aws-technology/,,,,,https://imagination.com/work/how-to-solve-tough-problems-with-aws-technology/
Krishna,Imperial Brands Australasia,https://www.linkedin.com/company/imperial-brands-plc/about/,HIGH,VMware,Working,Amazon EC2,https://www.linkedin.com/company/amazon-web-services,,,,,https://www.linkedin.com/company/amazon-web-services
Krishna,Imperial Brands Australasia,https://www.linkedin.com/company/imperial-brands-plc/about/,HIGH,VMware,,AWS cloud,https://www.linkedin.com/company/amazon-web-services,,,,,https://www.linkedin.com/company/amazon-web-services
Krishna,Independent News Service Private Ltd (India TV),https://www.indiatvnews.com/,HIGH,VMware,,EC2,https://www.indiatvnews.com/technology/news-new-aws-cloud-service-opens-doors-to-apple-developers-for-macs-668609,,,,,https://www.indiatvnews.com/technology/news-new-aws-cloud-service-opens-doors-to-apple-developers-for-macs-668609
Krishna,India Public Sector Enterprise - Accenture,http://www.accenture.com/,HIGH,VMware,Duplicate,AWS cloud,https://www.accenture.com/bg-en/services/cloud/aws-business-group,,,,,https://www.accenture.com/bg-en/services/cloud/aws-business-group
Krishna,India Public Sector Enterprise - Accenture,http://www.accenture.com/,HIGH,VMware,,Rekognition,https://www.accenture.com/au-en/careers/jobdetails?id=R00094521_en,,,,,https://www.accenture.com/au-en/careers/jobdetails?id=R00094521_en
Krishna,Indonesia AirAsia,https://www.airasia.com/en/gb,HIGH,VMware,,EC2,https://www.airasia.com/cdn/docs/common-docs/amazon-hackathon-kit-for-airasia-airvolution.pdf,,,,,https://www.airasia.com/cdn/docs/common-docs/amazon-hackathon-kit-for-airasia-airvolution.pdf
Krishna,Infosec Ventures,https://www.infosecventures.com/,HIGH,VMware,Working,AWS,https://www.infosecventures.com/post/cybersecurity-funding-news-week-of-14-august-2023,,,,,https://www.infosecventures.com/post/cybersecurity-funding-news-week-of-14-august-2023
Krishna,Infront Consulting Group (S) Pte Ltd,http://www.infrontconsulting.asia/,HIGH,VMware,Working,AWS,https://infrontconsulting.asia/services-managed-it/,,,,,https://infrontconsulting.asia/services-managed-it/
Krishna,Infront Consulting Group (S) Pte Ltd,http://www.infrontconsulting.asia/,HIGH,VMware,,CodePipeline,https://infrontconsulting.asia/services-managed-it/,,,,,https://infrontconsulting.asia/services-managed-it/
Krishna,Innovins Technologies Private Limited,http://www.innovins.com,LOW,VMware,,AWS Lambda,https://www.innovins.com/,,,,,https://www.innovins.com/
Krishna,INPEX Australia,https://www.inpex.com.au/,,VMware,Working,AWS,https://www.inpex.com.au/media/q3jj3ohe/0000-ah-std-60053_rev2-extreme-weather-management-standard.pdf,,,,,https://www.inpex.com.au/media/q3jj3ohe/0000-ah-std-60053_rev2-extreme-weather-management-standard.pdf
Krishna,Institute of Aeronautical Engineering,http://www.iare.ac.in,HIGH,VMware,,AWS,https://www.iare.ac.in/?q=e-governance-iare,,,,,https://www.iare.ac.in/?q=e-governance-iare
Krishna,Integreon,https://www.integreon.com/,HIGH,VMware,Working,AWS,https://www.integreon.com/gen-ai-is-a-journey-not-a-sprint/,,,,,https://www.integreon.com/gen-ai-is-a-journey-not-a-sprint/
Krishna,Interarch Building Products Pvt Ltd,http://www.interarchbuildings.com/,HIGH,VMware,Working,AWS,https://www.interarchbuildings.com/pdf/Technical-Manual.pdf,,,,,https://www.interarchbuildings.com/pdf/Technical-Manual.pdf
Krishna,Intercloud Pty Ltd,http://www.intercloud.com/,HIGH,VMware,,AWS,https://www.intercloud.com/partners/aws,,,,,https://www.intercloud.com/partners/aws
Krishna,Intrasoft Technologies,http://www.itlindia.com/,,VMware,Working,AWS,https://www.itlindia.com/docs/Annual_Report_2021-2022.pdf,,,,,https://www.itlindia.com/docs/Annual_Report_2021-2022.pdf
Krishna,iOM PHILIPPINES INC,http://www.iom.int,HIGH,VMware,,IAM,https://www.iom.int/sites/g/files/tmzbdl486/files/rfp_for_mimosa_nextgen_-_phase_2_dec_2020.pdf,,,,,https://www.iom.int/sites/g/files/tmzbdl486/files/rfp_for_mimosa_nextgen_-_phase_2_dec_2020.pdf
Krishna,Iopex Technologies Private Limited,https://www.iopex.com/,HIGH,VMware,,AWS,https://www.iopex.com/case-studies/aws-cost-optimization-services,,,,,https://www.iopex.com/case-studies/aws-cost-optimization-services
Krishna,Iqvia,https://www.iqvia.com/,HIGH,VMware,Working,AWS cloud,https://www.iqvia.com/-/media/iqvia/pdfs/us/insight-briefs/2024/driving-data-replication-initiatives.pdf,,,,,https://www.iqvia.com/-/media/iqvia/pdfs/us/insight-briefs/2024/driving-data-replication-initiatives.pdf
Krishna,Iqvia,https://www.iqvia.com/,HIGH,VMware,,S3,https://www.iqvia.com/-/media/iqvia/pdfs/us/insight-briefs/2024/driving-data-replication-initiatives.pdf,,,,,https://www.iqvia.com/-/media/iqvia/pdfs/us/insight-briefs/2024/driving-data-replication-initiatives.pdf
Krishna,Isentia Brandtology Pte Ltd,http://www.isentia.com/,HIGH,VMware,Working,AWS,https://www.isentia.com/in-the-news/,,,,,https://www.isentia.com/in-the-news/
Krishna,It Convergence Singapore Pte Ltd.,http://www.itconvergence.com/,HIGH,VMware,,AWS,https://www.itconvergence.com/hybrid-cloud/,,,,,https://www.itconvergence.com/hybrid-cloud/
Krishna,IT Learning Solution Asia Pte Ltd,http://www.itls.io/,HIGH,VMware,Invalid Industry,Amazon EC2,https://www.itls.io/amazon-web-services,,,,,https://www.itls.io/amazon-web-services
Krishna,IT Learning Solution Asia Pte Ltd,http://www.itls.io/,HIGH,VMware,,AWS cloud,https://www.itls.io/amazon-web-services,,,,,https://www.itls.io/amazon-web-services
Krishna,J. P. Morgan Chase,http://www.jpmorganchase.com/,HIGH,VMware,Working,AWS,https://www.jpmorganchase.com/newsroom/stories/sairam-naragoni,,,,,https://www.jpmorganchase.com/newsroom/stories/sairam-naragoni
Krishna,JAINAM SHARE CONSULTANTS PRIVATE LIMITED #stockbrokers,http://www.jainam.in,HIGH,VMware,Working,AWS,https://www.jainam.in/artificial-intelligence-stocks-in-india/,,,,,https://www.jainam.in/artificial-intelligence-stocks-in-india/
Krishna,JM Financial Services Limited,https://www.jmfinancialservices.in/,HIGH,VMware,Working,AWS,https://www.jmfinancialservices.in/market-news-and-insights/1586812,,,,,https://www.jmfinancialservices.in/market-news-and-insights/1586812
Krishna,JM Financial Services Limited,https://www.jmfinancialservices.in/,HIGH,VMware,,AWS cloud,https://www.jmfinancialservices.in/market-news-and-insights/1592448,,,,,https://www.jmfinancialservices.in/market-news-and-insights/1592448
Krishna,John Deere,https://www.deere.com/,LOW,VMware,,Shield,https://www.deere.com/assets/pdfs/region-4/industries/government-and-military-sales/contracts/price-pages/agricultural/A8_20171204.pdf,,,,,https://www.deere.com/assets/pdfs/region-4/industries/government-and-military-sales/contracts/price-pages/agricultural/A8_20171204.pdf
Krishna,Kantar,http://www.kantar.com/,HIGH,VMware,,Glue,https://www.kantar.com/campaigns/dimension/boosting-brand-reputation,,,,,https://www.kantar.com/campaigns/dimension/boosting-brand-reputation
Krishna,Kgi Securities Thailand,http://www.kgieworld.co.th/,LOW,VMware,Working,AWS,https://www.kgieworld.co.th/corporate/assets/base/pdf/wealth/Morning_Snapshot_New_7_Feb_2025_07022025.pdf,,,,,https://www.kgieworld.co.th/corporate/assets/base/pdf/wealth/Morning_Snapshot_New_7_Feb_2025_07022025.pdf
Krishna,Klx Aerospace Solutions Pte. Ltd.,http://www.boeingdistribution.com/,HIGH,VMware,Aquired or merged By Other Company,AWS,https://www.boeingdistribution.com/product/HYDRAULIC+OIL/CASTROL+HYSPIN+AWS+32/CASTR0L-HYSPIN-AWS32-20LI,,,,KLX Aerospace Solutions was acquired by Boeing Distribution Services Inc,https://www.boeingdistribution.com/product/HYDRAULIC+OIL/CASTROL+HYSPIN+AWS+32/CASTR0L-HYSPIN-AWS32-20LI
Krishna,Komatsu Australia,http://www.komatsu.com.au/,HIGH,VMware,,SQS,https://www.komatsu.com.au/getmedia/b1e81752-7031-4959-8584-300661c7f853/Smart-Quarry-Site-brochure.pdf,,,,,https://www.komatsu.com.au/getmedia/b1e81752-7031-4959-8584-300661c7f853/Smart-Quarry-Site-brochure.pdf
Krishna,Korea Ratings,https://www.korearatings.com/eng/index.do,MEDIUM,VMware,Working,AWS,http://www.korearatings.com/component/webzine/670/a4.pdf,,,,,http://www.korearatings.com/component/webzine/670/a4.pdf
Krishna,Kraft Heinz,http://www.kraftheinzcompany.com/,HIGH,VMware,Working,AWS,https://www.kraftheinzcompany.com/terms_conditions_purchase/purchase_terms/Heinz%20ABC%20PO%20Terms%20%20Conditions.pdf,,,,,https://www.kraftheinzcompany.com/terms_conditions_purchase/purchase_terms/Heinz%20ABC%20PO%20Terms%20%20Conditions.pdf
Krishna,LG Electronics India,https://www.lg.com/in/?srsltid=AfmBOopnLMAlNPOLSjthR1UGtwP1jPy-_Nu4pLQ_O5tmAHYPLqJgEO97,HIGH,VMware,Working,AWS,https://www.lg.com/global/business/download/resources/CT00000233/CT00000233_33216.pdf,,,,,https://www.lg.com/global/business/download/resources/CT00000233/CT00000233_33216.pdf
Krishna,Logic Wireless,http://www.logicwireless.co.nz,HIGH,VMware,Working,AWS,https://www.logicwireless.co.nz/product/eventide-communications-nexlog-dx-series-recorders/,,,,,https://www.logicwireless.co.nz/product/eventide-communications-nexlog-dx-series-recorders/
Krishna,Logicalis Singapore Pte Ltd,http://www.logicalis.com/,HIGH,VMware,Working,AWS,https://www.logicalis.com/insights/news/budget-cuts-innovation-CIOreport,,,,,https://www.logicalis.com/insights/news/budget-cuts-innovation-CIOreport
Krishna,LOTTE R&D Center,http://www.lotte.co.kr,HIGH,VMware,Working,AWS,https://www.lotte.co.kr/upload/report/shopping/2021_sustainability_report_E.pdf,,,,,https://www.lotte.co.kr/upload/report/shopping/2021_sustainability_report_E.pdf
Krishna,lucideus (Safe Security),https://safe.security,HIGH,VMware,Working,EC2,https://docs.safe.security/docs/aws,,,,,https://docs.safe.security/docs/aws
Krishna,,,HIGH,VMware,,Amazon S3,https://docs.safe.security/docs/aws,,,,,https://docs.safe.security/docs/aws
Krishna,M.Tech Products Pte Ltd - SG,http://www.mtechpro.com,LOW,VMware,,VPC,https://www.mtechpro.com/marketing/newsletter/2019/oct/dyncontent/Darktrace_EISv4_including_Cyber_AI_Analyst_Customer_Brief.pdf,,,,,https://www.mtechpro.com/marketing/newsletter/2019/oct/dyncontent/Darktrace_EISv4_including_Cyber_AI_Analyst_Customer_Brief.pdf
Krishna,Maersk GSC India Pvt Ltd,https://www.maersk.com/,LOW,VMware,Working,AWS,https://www.maersk.com/~/media_sc9/maersk/news/press-releases/files/2020/06/200609-news-release-maersk-fleet-to-improve-ocean-and-climate-science.pdf,,,,,https://www.maersk.com/~/media_sc9/maersk/news/press-releases/files/2020/06/200609-news-release-maersk-fleet-to-improve-ocean-and-climate-science.pdf
Krishna,Makino Asia Pte Ltd,http://www.makino.com.sg/,HIGH,VMware,Working,AWS,https://www.makino.com.sg/makino-sa/media/general/Makino_Singapore_Application_Form.pdf,,,,,https://www.makino.com.sg/makino-sa/media/general/Makino_Singapore_Application_Form.pdf
Krishna,Manildra Milling Pty Ltd,http://www.manildra.com.au/,HIGH,VMware,Working,AWS,https://www.manildra.com.au/documents/environmental/Odour%20Audits/Independent%20Odour%20Audit%202021%20-%20Part%202.pdf,,,,,https://www.manildra.com.au/documents/environmental/Odour%20Audits/Independent%20Odour%20Audit%202021%20-%20Part%202.pdf
Krishna,MarketsandMarkets,http://www.marketsandmarkets.com,HIGH,VMware,Working,AWS,https://www.marketsandmarkets.com/ResearchInsight/cloud-computing-market.asp,,,,,https://www.marketsandmarkets.com/ResearchInsight/cloud-computing-market.asp
Krishna,MarketsandMarkets,http://www.marketsandmarkets.com,HIGH,VMware,,Lambda,https://www.marketsandmarkets.com/ResearchInsight/serverless-computing-market.asp,,,,,https://www.marketsandmarkets.com/ResearchInsight/serverless-computing-market.asp
Krishna,Mathrubhumi Printing and Publishing,http://www.mathrubhumi.com,HIGH,VMware,,AWS,https://www.mathrubhumi.com/technology/news/aws-user-group-calicut-meet-up-ul-cyberpark-1.8422832,,,,,https://www.mathrubhumi.com/technology/news/aws-user-group-calicut-meet-up-ul-cyberpark-1.8422832
Krishna,"Maybank Indonesia Finance, PT ( MIF Online )",https://www.maybank.co.id,HIGH,VMware,Working,AWS,https://www.maybank.co.id/en/corporateinformation/CorporateGovernance/gcg-implementation-report/-/media/Downloaded%20Content/Laporan-Tata-Kelola/GCG_MBI_AR2024_ENG.pdf,,,,,https://www.maybank.co.id/en/corporateinformation/CorporateGovernance/gcg-implementation-report/-/media/Downloaded%20Content/Laporan-Tata-Kelola/GCG_MBI_AR2024_ENG.pdf
Krishna,"Maybank Indonesia Finance, PT ( MIF Online )",https://www.maybank.co.id,HIGH,VMware,,Shield,https://www.maybank.co.id/-/media/Downloaded-Content/Laporan-Tahunan/Annual-Report-Maybank-Indonesia-2024.pdf,,,,,https://www.maybank.co.id/-/media/Downloaded-Content/Laporan-Tahunan/Annual-Report-Maybank-Indonesia-2024.pdf
Krishna,Metrohm Singapore Pte Ltd,http://www.metrohm.com/,LOW,VMware,Working,AWS,https://www.metrohm.com/de_de/legal/datenschutzerklaerung.html,,,,,https://www.metrohm.com/de_de/legal/datenschutzerklaerung.html
Krishna,Milbank Tweed Hadley & Mccloy,http://www.milbank.com/,HIGH,VMware,Working,AWS,https://www.milbank.com/a/web/122430/Revising-Cloud-Contracts-In-Light-Of-Capital-One-Cyberattack.pdf,,,,,https://www.milbank.com/a/web/122430/Revising-Cloud-Contracts-In-Light-Of-Capital-One-Cyberattack.pdf
Krishna,Milbank Tweed Hadley & Mccloy,http://www.milbank.com/,HIGH,VMware,,Shield,https://www.milbank.com/a/web/160402/Alice-at-Seven-Journal-of-the-Patent-and-Trademark-Office-Societ.pdf,,,,,https://www.milbank.com/a/web/160402/Alice-at-Seven-Journal-of-the-Patent-and-Trademark-Office-Societ.pdf
Krishna,Minfy - SI,http://www.minfytech.com,HIGH,VMware,,AWS,https://www.minfytech.com/blogs/top-3-cloud-computing-trends-for-aws-customers-in-2025,,,,,https://www.minfytech.com/blogs/top-3-cloud-computing-trends-for-aws-customers-in-2025
Krishna,Minfy - SI,http://www.minfytech.com,HIGH,VMware,,EC2,https://www.minfytech.com/blogs/top-3-cloud-computing-trends-for-aws-customers-in-2025,,,,,https://www.minfytech.com/blogs/top-3-cloud-computing-trends-for-aws-customers-in-2025
Krishna,Minfy - SI,http://www.minfytech.com,HIGH,VMware,,S3,https://www.minfytech.com/blogs/top-3-cloud-computing-trends-for-aws-customers-in-2025,,,,,https://www.minfytech.com/blogs/top-3-cloud-computing-trends-for-aws-customers-in-2025
Krishna,Minter Ellison Melbourne,http://www.minterellison.com/,HIGH,VMware,Working,AWS,https://www.minterellison.com/articles/use-of-ai-in-the-healthcare-sector,,,,,https://www.minterellison.com/articles/use-of-ai-in-the-healthcare-sector
Krishna,Molex Korea,https://www.molex.com/en-us/contact/molex-korea-distributors,LOW,VMware,Working,AWS,https://www.molex.com/en-us/news/molex-releases-findings-of-data-center-on-wheels-global,,,,,https://www.molex.com/en-us/news/molex-releases-findings-of-data-center-on-wheels-global
Krishna,Motherson Sumi Systems Limited,http://www.motherson.com,HIGH,VMware,,Shield,https://www.motherson.com/storage/investor-presentations/2020_2021/Motherson-Investor-Meet-2020-Divisional-Presentations.pdf,,,,,https://www.motherson.com/storage/investor-presentations/2020_2021/Motherson-Investor-Meet-2020-Divisional-Presentations.pdf
Krishna,Movate Technologies Private Limited ( Formerly CSS CORP PRIVATE LIMITED),https://www.movate.com/,HIGH,VMware,,AWS Lambda,https://www.movate.com/glossary/aws-integration-services/,,,,,https://www.movate.com/glossary/aws-integration-services/
Krishna,MSFT,http://www.microsoft.com/,LOW,VMware,Working,AWS cloud,https://www.microsoft.com/en-us/download/details.aspx?id=56124,,,,,https://www.microsoft.com/en-us/download/details.aspx?id=56124
Krishna,Multi-System Technologies,http://www.multisystemtechnologies.com/,HIGH,VMware,Working,AWS,https://www.multisystemtechnologies.com/software-development-3/10-essential-azure-devops-instruments-for/,,,,,https://www.multisystemtechnologies.com/software-development-3/10-essential-azure-devops-instruments-for/
Krishna,"Murata Manufacturing Vietnam Co., Ltd.",http://www.murata.com/,HIGH,VMware,Working,AWS cloud,https://www.murata.com/webinars/connectivity-202105,,,,,https://www.murata.com/webinars/connectivity-202105
Krishna,MyRepublic,http://www.myrepublic.net,HIGH,VMware,,IAM,https://myrepublic.net/sg/wp-content/uploads/sites/2/2023/01/MyRepublic-Whitepaper-3.6_new-1.pdf,,,,,https://myrepublic.net/sg/wp-content/uploads/sites/2/2023/01/MyRepublic-Whitepaper-3.6_new-1.pdf
Krishna,Nanometrics Singapore,https://ontoinnovation.com/,HIGH,VMware,Working,Amazon EC2,https://www.linkedin.com/company/amazon-web-services,,,,,https://www.linkedin.com/company/amazon-web-services
Krishna,Netgear,http://www.netgear.com/,HIGH,VMware,Working,Amazon Cloud,https://www.netgear.com/pl/about/press-releases/2017/netgear-readynas-rr2304/,,,,,https://www.netgear.com/pl/about/press-releases/2017/netgear-readynas-rr2304/
Krishna,Netrust Pte Ltd,http://www.netrust.net,LOW,VMware,,IAM,https://www.netrust.net/events/,,,,,https://www.netrust.net/events/
Krishna,"NetSol Technologies Americas, Inc. (Netsol Consulting Services)",https://netsoltech.com/,LOW,VMware,Working,AWS,https://ir.netsoltech.com/press-releases/detail/3210/netsol-technologies-achieves-aws-foundational-technical,,,,,https://ir.netsoltech.com/press-releases/detail/3210/netsol-technologies-achieves-aws-foundational-technical
Krishna,Nfolks Software Technologies Pvt. Ltd,http://www.nfolks.com,HIGH,VMware,Wrong Firmographics,AWS,https://nfolks.com/bi-bigdata/,,,,,https://nfolks.com/bi-bigdata/
Krishna,Nfolks Software Technologies Pvt. Ltd,http://www.nfolks.com,HIGH,VMware,,AWS CloudTrail,http://nfolks.com/move-to-any-cloud/,,,,,http://nfolks.com/move-to-any-cloud/
Krishna,NHP Electrical Engineering Products Pty Ltd,http://www.nhp.com.au/,LOW,VMware,,CloudFront,https://www.nhp.com.au/products/energy-management-and-power-quality/energy-management/energy-management-solutions/carlo-gavazzi-energy-management-gateways,,,,,https://www.nhp.com.au/products/energy-management-and-power-quality/energy-management/energy-management-solutions/carlo-gavazzi-energy-management-gateways
Krishna,NIIT LTD,http://www.niit.com,HIGH,VMware,Invalid Industry,AWS cloud,https://www.niit.com/india/wp-content/uploads/2025/01/Cloud-Computing.pdf,,,,,https://www.niit.com/india/wp-content/uploads/2025/01/Cloud-Computing.pdf
Krishna,Novigi Pty Ltd,http://www.novigi.com.au,HIGH,VMware,Working,AWS,https://www.novigi.com.au/2022-1-24-cutting-the-cord-contact-centre-transformation/,,,,,https://www.novigi.com.au/2022-1-24-cutting-the-cord-contact-centre-transformation/
Krishna,NS Bluescope,https://www.nsbluescope.com/asean/,HIGH,VMware,Working,AWS,https://www.nsbluescope.com/vn/wp-content/uploads/sites/8/2022/12/bluescope-sustainability-report-2021_22.pdf,,,,,https://www.nsbluescope.com/vn/wp-content/uploads/sites/8/2022/12/bluescope-sustainability-report-2021_22.pdf
Krishna,NSW Business Chamber,http://www.businessnsw.com/,LOW,VMware,Working,AWS,https://www.businessnsw.com/events/on-demand-learning-hub/ai-and-new-technologies-and-what-they-mean-for-business,,,,,https://www.businessnsw.com/events/on-demand-learning-hub/ai-and-new-technologies-and-what-they-mean-for-business
Krishna,NTT Ltd,https://www.ntt.com,HIGH,VMware,Working,EC2,https://www.ntt.com/bizon/glossary/e-a/aws.html,,,,,https://www.ntt.com/bizon/glossary/e-a/aws.html
Krishna,NTT Ltd,https://www.ntt.com,HIGH,VMware,,Amazon S3,https://www.ntt.com/bizon/glossary/e-a/aws.html,,,,,https://www.ntt.com/bizon/glossary/e-a/aws.html
Krishna,Nzx Ltd,http://www.nzx.com/,HIGH,VMware,Working,AWS,https://www.nzx.com/announcements/409433,,,,,https://www.nzx.com/announcements/409433
Krishna,Oag Aviation Worldwide Pte. Ltd.,http://www.oag.com/,HIGH,VMware,Working,AWS,https://www.oag.com/knowledge/checkpointing-with-azure-event-hubs,,,,,https://www.oag.com/knowledge/checkpointing-with-azure-event-hubs
Krishna,"OCEANAGOLD (PHILIPPINES), INC.",http://www.oceanagold.com/,HIGH,VMware,,Shield,https://careers.oceanagold.com/job/mine-maintenance-welder-in-kershaw-jid-587,,,,,https://careers.oceanagold.com/job/mine-maintenance-welder-in-kershaw-jid-587
Krishna,Offsec,http://www.offsec.com/,HIGH,VMware,,IAM,https://www.offsec.com/learning/paths/offensive-cloud-foundations/,,,,,https://www.offsec.com/learning/paths/offensive-cloud-foundations/
Krishna,Ogilvy Indonesia,https://www.ogilvy.com,HIGH,VMware,Working,AWS,https://www.ogilvy.com/ideas/amazon-brand-service-can-it-be-both,,,,,https://www.ogilvy.com/ideas/amazon-brand-service-can-it-be-both
Krishna,OgilvyOne Worldwide Asia,http://www.ogilvyasia.com/,HIGH,VMware,Working,AWS,https://www.ogilvy.com/ideas/amazon-brand-service-can-it-be-both,,,,,https://www.ogilvy.com/ideas/amazon-brand-service-can-it-be-both
Krishna,OnMobile Global Limited,http://www.onmobile.com,HIGH,VMware,Working,AWS,https://www.onmobile.com/sites/default/files/FY-2022-Annual-Report.pdf,,,,,https://www.onmobile.com/sites/default/files/FY-2022-Annual-Report.pdf
Krishna,Optisol business solutions,https://www.optisolbusiness.com/,LOW,VMware,Working,EC2,https://www.optisolbusiness.com/wp-content/uploads/2019/08/10-things-to-know-about-aws.pdf,,,,,https://www.optisolbusiness.com/wp-content/uploads/2019/08/10-things-to-know-about-aws.pdf
Krishna,Optisol business solutions,https://www.optisolbusiness.com/,LOW,VMware,,RDS,https://www.optisolbusiness.com/wp-content/uploads/2019/08/10-things-to-know-about-aws.pdf,,,,,https://www.optisolbusiness.com/wp-content/uploads/2019/08/10-things-to-know-about-aws.pdf
Krishna,Opus Software Solutions,https://opustechglobal.com/,HIGH,VMware,,AWS,https://opustechglobal.com/using-aws-to-develop-compliant-secure-payment-solutions/,,,,,https://opustechglobal.com/using-aws-to-develop-compliant-secure-payment-solutions/
Krishna,Orion Innovation,http://www.orioninc.com/,HIGH,VMware,Invalid Country,AWS cloud,https://www.orioninc.com/company/partnerships-alliances/amazon-web-services/,,,,USA,https://www.orioninc.com/company/partnerships-alliances/amazon-web-services/
Krishna,Orion Innovation,http://www.orioninc.com/,HIGH,VMware,,Shield,https://www.orioninc.com/company/partnerships-alliances/amazon-web-services/,,,,,https://www.orioninc.com/company/partnerships-alliances/amazon-web-services/
Krishna,Ozuno,http://www.ozuno.com/,HIGH,VMware,Working,AWS,https://ozuno.com/wp-content/uploads/IEL-BACnet-PICS_BS_26_09_2018.pdf,,,,,https://ozuno.com/wp-content/uploads/IEL-BACnet-PICS_BS_26_09_2018.pdf
Krishna,Pall Filtration,https://www.pall.com/,HIGH,VMware,Working,AWS,https://www.pall.com/content/dam/pall/pall-corp/literature-library/non-gated/purchase-terms/Standard%20Terms%20and%20Conditions%20of%20Sale-Systems-Malaysia.pdf,,,,,https://www.pall.com/content/dam/pall/pall-corp/literature-library/non-gated/purchase-terms/Standard%20Terms%20and%20Conditions%20of%20Sale-Systems-Malaysia.pdf
Krishna,Palo IT - SG PS,http://www.palo-it.com/,HIGH,VMware,,EC2,https://www.palo-it.com/en/blog/how-to-optimise-your-cloud-infrastructure-and-cut-costs-on-aws,,,,,https://www.palo-it.com/en/blog/how-to-optimise-your-cloud-infrastructure-and-cut-costs-on-aws
Krishna,PALTEK CORPORATION,http://www.paltek.co.jp,LOW,VMware,Working,EC2,https://www.paltek.co.jp/techblog/techinfo/210909_01,07 2021,,,,https://www.paltek.co.jp/techblog/techinfo/210909_01
Krishna,Panasonic Life Solutions India Private Limited,http://www.panasonic.com,LOW,VMware,Working,AWS,https://www.panasonic.com/jp/hvac/news.html,,,,,https://www.panasonic.com/jp/hvac/news.html
Krishna,Parallo,http://www.parallo.com,HIGH,VMware,,AWS,https://www.parallo.com/how-to-bolster-your-aws-security,,,,,https://www.parallo.com/how-to-bolster-your-aws-security
Krishna,Payoda Technologies Private Limited,https://www.payoda.com,HIGH,VMware,,Auto Scaling,https://www.payoda.com/devops-and-cloud-computing-building-scalable-and-robust-systems/,,,,,https://www.payoda.com/devops-and-cloud-computing-building-scalable-and-robust-systems/
Krishna,Pegasystems Pte Ltd.,http://www.pega.com/,HIGH,VMware,,S3,https://www.pega.com/insights/resources/pegaworld-inspire-2023-aws-pega-unleashing-power-intelligent-automation-across,,,,,https://www.pega.com/insights/resources/pegaworld-inspire-2023-aws-pega-unleashing-power-intelligent-automation-across
Krishna,Pharos Systems,https://www.pharos.com/,HIGH,VMware,Working,AWS,https://www.pharos.com/products/blueprint/,,,,,https://www.pharos.com/products/blueprint/
Krishna,Philip Morris Indonesia,https://www.pmi.com/markets/indonesia/id,LOW,VMware,Working,AWS,https://www.pmi.com/resources/docs/default-source/romania-market-files/annual-report-2023-2024-water-management-aws.pdf?sfvrsn=265dbdc9_2,,,,,https://www.pmi.com/resources/docs/default-source/romania-market-files/annual-report-2023-2024-water-management-aws.pdf?sfvrsn=265dbdc9_2
Krishna,Phintraco Consulting,https://phintraco.com,HIGH,VMware,Working,AWS,https://phintraco.com/amati-kinerja-serverless-architecture-dengan-solusi-cloud-monitoring/,,,,,https://phintraco.com/amati-kinerja-serverless-architecture-dengan-solusi-cloud-monitoring/
Krishna,PHOTON INTERACTIVE,http://www.photon.com/,HIGH,VMware,,AWS cloud,https://www.photon.com/thinkbeyond-today-email-newsletter,,,,,https://www.photon.com/thinkbeyond-today-email-newsletter
Krishna,Pickles Auctions,http://www.pickles.com.au/,LOW,VMware,Working,AWS,https://www.pickles.com.au/used/search/s/perth-wa---octg-drilling--completions-sale/11328?srsltid=AfmBOor2fQl_xLDfd2amEBLcZh4jBw5XkrdzB-V1OQi0Z5Ky-tlAjYOy,,,,,https://www.pickles.com.au/used/search/s/perth-wa---octg-drilling--completions-sale/11328?srsltid=AfmBOor2fQl_xLDfd2amEBLcZh4jBw5XkrdzB-V1OQi0Z5Ky-tlAjYOy
Krishna,Premier Technology Public Company Limited,https://www.premier-technology.co.th/,,VMware,Working,AWS,https://www.premier-technology.co.th/document/form_56-1_18.pdf,,,,,https://www.premier-technology.co.th/document/form_56-1_18.pdf
Krishna,Principle One Pte Ltd,http://www.principleone.com/,HIGH,VMware,Working,AWS,https://www.principleone.com/principle-one-opens-in-seoul/,,,,,https://www.principleone.com/principle-one-opens-in-seoul/
Krishna,Provab Technosoft,https://www.provab.com/,HIGH,VMware,Working,AWS cloud,https://www.provab.com/travel-tech/why-should-businesses-use-aws/,,,,,https://www.provab.com/travel-tech/why-should-businesses-use-aws/
Krishna,PT Bank Maybank Indonesia Tbk,https://www.maybank.co.id/,HIGH,VMware,Working,AWS,https://www.maybank.co.id/en/corporateinformation/CorporateGovernance/gcg-implementation-report/-/media/Downloaded%20Content/Laporan-Tata-Kelola/GCG_MBI_AR2024_ENG.pdf,,,,,https://www.maybank.co.id/en/corporateinformation/CorporateGovernance/gcg-implementation-report/-/media/Downloaded%20Content/Laporan-Tata-Kelola/GCG_MBI_AR2024_ENG.pdf
Krishna,PT Bank Maybank Indonesia Tbk,https://www.maybank.co.id/,HIGH,VMware,,Shield,https://www.maybank.co.id/-/media/Downloaded-Content/Laporan-Tahunan/Annual-Report-Maybank-Indonesia-2024.pdf,,,,,https://www.maybank.co.id/-/media/Downloaded-Content/Laporan-Tahunan/Annual-Report-Maybank-Indonesia-2024.pdf
Krishna,PT Boer Technology,http://www.btech.id/,HIGH,VMware,,AWS,http://www.btech.id/en/news/aws-cloud-empowering-businesses-with-scalability-flexibility-and-innovation/,,,,,http://www.btech.id/en/news/aws-cloud-empowering-businesses-with-scalability-flexibility-and-innovation/
Krishna,PT Delta Data Mandiri,http://www.deltadatamandiri.com,HIGH,VMware,Working,AWS,https://www.deltadatamandiri.com/post/mengenal-ddos-attack-dan-cara-mengatasinya,,,,,https://www.deltadatamandiri.com/post/mengenal-ddos-attack-dan-cara-mengatasinya
Krishna,PT Era Awan Digital,https://eranyacloud.com/id,HIGH,VMware,,S3,https://eranyacloud.com/en/product/cloud-monitoring-support-en/,,,,,https://eranyacloud.com/en/product/cloud-monitoring-support-en/
Krishna,PT MNC Investama Tbk (MNC Group),http://www.mncgroup.com,HIGH,VMware,,Shield,https://www.mncgroup.com/file-mncgroup/files/mncgroup/Investor%20Relations/Laporan%20Tahunan/AR%20BHIT%202021_Website.pdf,,,,,https://www.mncgroup.com/file-mncgroup/files/mncgroup/Investor%20Relations/Laporan%20Tahunan/AR%20BHIT%202021_Website.pdf
Krishna,"PT. Gema Graha Sarana, Tbk (Vivere Group)",http://www.ggs-interior.com,HIGH,VMware,Working,AWS,https://www.ggs-interior.com/uploads/reports_46/103/annual-report-2021.pdf,,,,,https://www.ggs-interior.com/uploads/reports_46/103/annual-report-2021.pdf
Krishna,PT. Innovation Cloud Services,https://www.icscompute.com/,HIGH,VMware,,S3,https://www.icscompute.com/what-is-amazon-web-service/,,,,,https://www.icscompute.com/what-is-amazon-web-service/
Krishna,Publicis Groupe,http://www.publicisgroupe.com/,HIGH,VMware,Working,AWS,https://www.publicisgroupe.com/en/news/press-releases/viva-technology-2019-preview,,,,,https://www.publicisgroupe.com/en/news/press-releases/viva-technology-2019-preview
Krishna,Quad One Technologies Pvt. Ltd,http://www.quadone.com,HIGH,VMware,Working,AWS,https://www.quadone.com/top-ai-tools-boosting-productivity-in-2025/,,,,,https://www.quadone.com/top-ai-tools-boosting-productivity-in-2025/
Krishna,QUINTICON PTY LTD,http://www.quinticon.com.au/,HIGH,VMware,,EC2,https://www.quinticon.com.au/blog/building-a-cloud-fortress,,,,,https://www.quinticon.com.au/blog/building-a-cloud-fortress
Krishna,Rapid7,http://www.rapid7.com/,HIGH,VMware,,AWS cloud,https://www.rapid7.com/fundamentals/aws-cloud-security/,,,,,https://www.rapid7.com/fundamentals/aws-cloud-security/
Krishna,RASI SEEDS PVT LTD,http://www.rasiseeds.com/,LOW,VMware,Working,AWS,https://www.rasiseeds.com/Admin/html/horizontal-fullwidth/icon-fontawesome.html,,,,,https://www.rasiseeds.com/Admin/html/horizontal-fullwidth/icon-fontawesome.html
Krishna,Real Networks Asiapacific,http://www.realnetworks.com/,HIGH,VMware,Working,AWS,https://realnetworks.com/uploadedFiles/Helix/EULAs/eula-Helix-Servers.pdf,,,,,https://realnetworks.com/uploadedFiles/Helix/EULAs/eula-Helix-Servers.pdf
Krishna,RedingtonIT India,http://www.redingtongroup.com,HIGH,VMware,Working,EC2,https://redingtongroup.com/cloud/aws-startup/,,,,,https://redingtongroup.com/cloud/aws-startup/
Krishna,Renesas Electronics Corporation,http://www.renesas.com/,LOW,VMware,Working,AWS cloud,https://www.renesas.com/en/node/1254441?srsltid=AfmBOooGTV2AY_Zv6PETYTWaOlaiLTazhHL-VEkvRQKK0TIFHFvsI92V,,,,,https://www.renesas.com/en/node/1254441?srsltid=AfmBOooGTV2AY_Zv6PETYTWaOlaiLTazhHL-VEkvRQKK0TIFHFvsI92V
Krishna,RICOH NEW ZEALAND LIMITED,http://www.ricoh.co.nz,HIGH,VMware,Working,AWS,https://www.ricoh.co.nz/articles/preparing-your-storage-for-big-data-and-analytics,,,,,https://www.ricoh.co.nz/articles/preparing-your-storage-for-big-data-and-analytics
Krishna,Riversand Technologies,http://www.syndigo.com/,HIGH,VMware,,S3,https://content.syndigo.com/asset/bb7131fd-aad3-4756-a2d0-16b3fc34d849/original.pdf,,,,,https://content.syndigo.com/asset/bb7131fd-aad3-4756-a2d0-16b3fc34d849/original.pdf
Krishna,RPG Group,http://www.rpggroup.com,HIGH,VMware,Working,AWS,https://www.rpggroup.com/assets/images/group-presentation/rpg-annual-investor-presentation-2024.pdf,,,,Zensar Technologies is a part of the Mumbai-based RPG Group.,https://www.rpggroup.com/assets/images/group-presentation/rpg-annual-investor-presentation-2024.pdf
Krishna,RPG Group,http://www.rpggroup.com,HIGH,VMware,,EBS,https://www.rpggroup.com/assets/investors/pdfs/zensar-annual-report-fy241743584822.pdf,,,,,https://www.rpggroup.com/assets/investors/pdfs/zensar-annual-report-fy241743584822.pdf
Krishna,SAGE Automation,http://www.sageautomation.com,HIGH,VMware,,CloudFront,https://www.sageautomation.com/our-work-resource-management/collaboration-key-for-development-of-smart-recycling-solutions,,,,,https://www.sageautomation.com/our-work-resource-management/collaboration-key-for-development-of-smart-recycling-solutions
Krishna,Sarawak Energy Berhad,http://www.sarawakenergy.com,LOW,VMware,Working,AWS,https://www.sarawakenergy.com/assets/pdf/sustainability-reports/seb-sr2014.pdf,,,,,https://www.sarawakenergy.com/assets/pdf/sustainability-reports/seb-sr2014.pdf
Krishna,sbs,http://www.sbs.com.au/,HIGH,VMware,,AWS,https://www.sbs.com.au/news/article/how-amazon-swooped-in-to-own-cloud-services/9b710nr18,,,,,https://www.sbs.com.au/news/article/how-amazon-swooped-in-to-own-cloud-services/9b710nr18
Krishna,SCOR Reinsurance Asia-Pacific,https://www.scor.com/en,HIGH,VMware,,EBS,https://www.scor.com/sites/default/files/ir_day_2019-presentation.pdf,,,,,https://www.scor.com/sites/default/files/ir_day_2019-presentation.pdf
Krishna,ServiceRocket MY,http://www.servicerocket.com,HIGH,VMware,Working,AWS,https://www.servicerocket.com/legaldocs/gdpr-frequently-asked-questions-may-2018,,,,,https://www.servicerocket.com/legaldocs/gdpr-frequently-asked-questions-may-2018
Krishna,Sharekhan,http://www.sharekhan.com/,HIGH,VMware,,IAM,https://www.sharekhan.com/MediaGalary/IPODocuments/PD00042.pdf,,,,,https://www.sharekhan.com/MediaGalary/IPODocuments/PD00042.pdf
Krishna,Sherpain,http://www.sherpain.net/,LOW,VMware,Wrong Firmographics,AWS,https://www.kuipernet.com/kr/sub/kuipernet-awscloud-marketplace.html,,,,,https://www.kuipernet.com/kr/sub/kuipernet-awscloud-marketplace.html
Krishna,Shree Cement Ltd.,http://www.shreecement.com,HIGH,VMware,Working,AWS,https://www.shreecement.com/uploads/cleanupload/rhipl-2019.pdf,,,,,https://www.shreecement.com/uploads/cleanupload/rhipl-2019.pdf
Krishna,Shree Renuka Sugars Limited,http://www.renukasugars.com/,HIGH,VMware,,S3,https://renukasugars.com/pdf/scheme-of-arrangement/audited-financial-statements.pdf,,,,,https://renukasugars.com/pdf/scheme-of-arrangement/audited-financial-statements.pdf
Krishna,Shyam Sel,https://shyammetalics.com/,HIGH,VMware,Working,AWS,https://www.shyammetalics.com/stainless-steel-demo/,,,,,https://www.shyammetalics.com/stainless-steel-demo/
Krishna,SiS Distribution (Thailand) PCL.,http://www.sisthai.com,,VMware,Working,AWS,https://www.sisthai.com/sis/images/web_navi/EU%20PRICE/8E00435159Enterprise%20Software_2020APRIL.pdf,,,,,https://www.sisthai.com/sis/images/web_navi/EU%20PRICE/8E00435159Enterprise%20Software_2020APRIL.pdf
Krishna,"SOFT2000 Co., Ltd.",http://www.soft2000.com/,MEDIUM,VMware,Linkedin Not Found,AWS,https://www.soft2000.com/49202,,,,,https://www.soft2000.com/49202
Krishna,Sony Korea,https://www.sony.co.kr/,HIGH,VMware,Working,AWS,https://www.sony.co.kr/electronics/support/laptop-pc-vpc-series/vpcea36fk/articles/00347443,,,,,https://www.sony.co.kr/electronics/support/laptop-pc-vpc-series/vpcea36fk/articles/00347443
Krishna,Southern Cross Computer Systems,http://www.sccs.com.au,HIGH,VMware,,VPC,https://portal.sccs.com.au/products/cisco-firepower-1140-asa-appliance-1u-remanufactured-1677718,,,,,https://portal.sccs.com.au/products/cisco-firepower-1140-asa-appliance-1u-remanufactured-1677718
Krishna,Srkay Consulting Group,http://www.srkay.com,HIGH,VMware,,AWS Lambda,https://srkay.com/preparing-your-tech-stack-for-the-new-year/,,,,,https://srkay.com/preparing-your-tech-stack-for-the-new-year/
Krishna,St Paul University,http://www.saintpaul.edu/,HIGH,VMware,Invalid Industry,AWS,https://www.saintpaul.edu/wp-content/uploads/2024/05/Catalog2021-2022.pdf,,,,,https://www.saintpaul.edu/wp-content/uploads/2024/05/Catalog2021-2022.pdf
Krishna,Stantec,http://www.stantec.com/,HIGH,VMware,Working,AWS,https://www.stantec.com/uk/ideas/content/article/2020/the-how-and-why-of-measuring-your-water-footprint,,,,,https://www.stantec.com/uk/ideas/content/article/2020/the-how-and-why-of-measuring-your-water-footprint
Krishna,Star Cement,https://www.starcement.co.in/,HIGH,VMware,,Amazon EC2,https://www.starcement.co.in/pdf/agm/SCLAdvertismentPostdispatch.pdf,,,,,https://www.starcement.co.in/pdf/agm/SCLAdvertismentPostdispatch.pdf
Krishna,Stellar Information Technology Pvt Ltd,http://www.stellarinfo.com,HIGH,VMware,,Amazon EC2,https://www.stellarinfo.com/article/backup-raid.php?srsltid=AfmBOopVE4zzwyUYUSZ92lhv2fo-oX-e5wRH_FK-qQoHTAkCTgaIqn8T,,,,,https://www.stellarinfo.com/article/backup-raid.php?srsltid=AfmBOopVE4zzwyUYUSZ92lhv2fo-oX-e5wRH_FK-qQoHTAkCTgaIqn8T
Krishna,Sterlite Technologies,http://www.stl.tech,HIGH,VMware,Working,AWS,https://stl.tech/global-services/data-centre-networks/,,,,,https://stl.tech/global-services/data-centre-networks/
Krishna,Sterlite Technologies,http://www.stl.tech,HIGH,VMware,,Auto Scaling,https://stl.tech/wp-content/uploads/2023/03/Getting-BSS-on-Cloud-Strategy-Right_Webinar_compressed.pdf,,,,,https://stl.tech/wp-content/uploads/2023/03/Getting-BSS-on-Cloud-Strategy-Right_Webinar_compressed.pdf
Krishna,Sterlite Technologies,http://www.stl.tech,HIGH,VMware,,IAM,https://stl.tech/wp-content/uploads/2023/03/Getting-BSS-on-Cloud-Strategy-Right_Webinar_compressed.pdf,,,,,https://stl.tech/wp-content/uploads/2023/03/Getting-BSS-on-Cloud-Strategy-Right_Webinar_compressed.pdf
Krishna,Strand Life Sciences Pvt. Ltd.,https://strandls.com/,HIGH,VMware,Working,Amazon EC2,https://venus.strandls.com/content/documents/2f9e433b-e148-4941-9965-dc3b07285444/ca66111de4264982841417db6b9b4a3e.pdf,,,,,https://venus.strandls.com/content/documents/2f9e433b-e148-4941-9965-dc3b07285444/ca66111de4264982841417db6b9b4a3e.pdf
Krishna,Strand Life Sciences Pvt. Ltd.,https://strandls.com/,HIGH,VMware,,AWS cloud,https://venus.strandls.com/content/documents/2f9e433b-e148-4941-9965-dc3b07285444/ca66111de4264982841417db6b9b4a3e.pdf,,,,,https://venus.strandls.com/content/documents/2f9e433b-e148-4941-9965-dc3b07285444/ca66111de4264982841417db6b9b4a3e.pdf
Krishna,Studiotech Australia,http://www.studiotechau.com/,HIGH,VMware,,S3,https://www.studiotechau.com/cms/?start=30,,,,,https://www.studiotechau.com/cms/?start=30
Krishna,Subex Limited,https://www.subex.com/,HIGH,VMware,,AWS,https://www.subex.com/case-studies/,,,,,https://www.subex.com/case-studies/
Krishna,Sulekha.com,http://www.sulekha.com,HIGH,VMware,Invalid Industry,EC2,https://www.sulekha.com/amazon-web-services-training/,,,,Courses Provider,https://www.sulekha.com/amazon-web-services-training/
Krishna,Sulekha.com,http://www.sulekha.com,HIGH,VMware,,AWS cloud,https://www.sulekha.com/amazon-web-services-training/,,,,,https://www.sulekha.com/amazon-web-services-training/
Krishna,Sun TV Network Ltd.,https://www.suntv.in/,HIGH,VMware,Working,AWS,https://www.suntv.in/pdf/Finance/Unaudited_Financial_Results_for_the_Quarter_ended_30th_sept-2019.pdf,,,,,https://www.suntv.in/pdf/Finance/Unaudited_Financial_Results_for_the_Quarter_ended_30th_sept-2019.pdf
Krishna,Suntv,https://www.suntv.in/,HIGH,VMware,Working,AWS,https://www.suntv.in/pdf/Finance/Unaudited_Financial_Results_for_the_Quarter_ended_30th_sept-2019.pdf,,,,,https://www.suntv.in/pdf/Finance/Unaudited_Financial_Results_for_the_Quarter_ended_30th_sept-2019.pdf
Krishna,Sutherland Global Services Pvt Ltd,https://www.sutherlandglobal.com/,,VMware,Working,Shield,https://www.sutherlandglobal.com/services/cloud,,,,,https://www.sutherlandglobal.com/services/cloud
Krishna,Synpulse,https://www.synpulse.com/en,HIGH,VMware,,Fargate,https://www.synpulse.com/en/insights/cloud-trends-2020,,,,,https://www.synpulse.com/en/insights/cloud-trends-2020
Krishna,Talent,http://www.talentinternational.com,HIGH,VMware,Working,EC2,https://www.talentinternational.com/job/aws-agentic-ai-engineer-bbbh133084_1749679423/,,,,,https://www.talentinternational.com/job/aws-agentic-ai-engineer-bbbh133084_1749679423/
Krishna,Talent,http://www.talentinternational.com,HIGH,VMware,,S3,https://www.talentinternational.com/job/aws-agentic-ai-engineer-bbbh133084_1749679423/,,,,,https://www.talentinternational.com/job/aws-agentic-ai-engineer-bbbh133084_1749679423/
Krishna,Talentica Software (India) Pvt. Ltd.,http://www.talentica.com/,HIGH,VMware,,EC2,https://www.talentica.com/blogs/aws-ecs-amazon-elastic-container-service/,,,,,https://www.talentica.com/blogs/aws-ecs-amazon-elastic-container-service/
Krishna,TalentPro India HR Pvt Ltd,http://www.talentproindia.com/,HIGH,VMware,,EBS,https://www.talentproindia.com/services/it-recruitment/,,,,,https://www.talentproindia.com/services/it-recruitment/
Krishna,TATA TELESERVICES LTD.,http://www.tatatelebusiness.com,HIGH,VMware,,S3,https://www.tatatelebusiness.com/case-studies/major-healthcare-service-provider-secures-aws-usage-with-secure-connect/,,,,,https://www.tatatelebusiness.com/case-studies/major-healthcare-service-provider-secures-aws-usage-with-secure-connect/
Krishna,"TBN Software Co., Ltd.",http://www.tbn.co.th,HIGH,VMware,Working,AWS,https://tbn.co.th/unleash-business-efficiency-low-code-mendix-aws/,,,,TBN Software Co. Ltd. in Thailand is actually TBN Corporation,https://tbn.co.th/unleash-business-efficiency-low-code-mendix-aws/
Krishna,Teamlease services limited,https://www.teamlease.com/,LOW,VMware,Working,AWS cloud,https://www.teamlease.com/amazon-aws-jobs,,,,,https://www.teamlease.com/amazon-aws-jobs
Krishna,Teamlease services limited,https://www.teamlease.com/,LOW,VMware,,RDS,https://www.teamlease.com/amazon-aws-jobs,,,,,https://www.teamlease.com/amazon-aws-jobs
Krishna,Telangana University,http://www.telanganauniversity.ac.in/,HIGH,VMware,Invalid Industry,EC2,http://www.telanganauniversity.ac.in/TU/syllabus-pg/19.pdf,,,,,http://www.telanganauniversity.ac.in/TU/syllabus-pg/19.pdf
Krishna,Telangana University,http://www.telanganauniversity.ac.in/,HIGH,VMware,,SageMaker,http://www.telanganauniversity.ac.in/TU/syllabus-pg/19.pdf,,,,,http://www.telanganauniversity.ac.in/TU/syllabus-pg/19.pdf
Krishna,The Indian Express Private Limited,http://www.indianexpress.com,LOW,VMware,Working,AWS,https://indianexpress.com/article/technology/tech-news-technology/amazon-loses-an-aws-generative-ai-boss-as-tech-talent-shuffle-heats-up-10091626/,,,,,https://indianexpress.com/article/technology/tech-news-technology/amazon-loses-an-aws-generative-ai-boss-as-tech-talent-shuffle-heats-up-10091626/
Krishna,The Indian Express Private Limited,http://www.indianexpress.com,LOW,VMware,,Amazon EC2,https://indianexpress.com/article/technology/artificial-intelligence/aws-reinvent-2024-from-upgrades-to-amazon-bedrock-to-nova-foundation-models-key-takeaways-9705200/,,,,,https://indianexpress.com/article/technology/artificial-intelligence/aws-reinvent-2024-from-upgrades-to-amazon-bedrock-to-nova-foundation-models-key-takeaways-9705200/
Krishna,The Malayala Manorama Co Private Limited,https://www.manoramaonline.com/,HIGH,VMware,,SageMaker,https://www.manoramaonline.com/education/campus-updates/2018/12/14/machine-learning-technology-amazon.html,,,,,https://www.manoramaonline.com/education/campus-updates/2018/12/14/machine-learning-technology-amazon.html
Krishna,The Walk Agency,http://www.thewalk.au,HIGH,VMware,Working,AWS cloud,https://www.thewalk.au/our-work/sharing-customer-stories-to-showcase-the-power-of-the-aws-cloud/,,,,,https://www.thewalk.au/our-work/sharing-customer-stories-to-showcase-the-power-of-the-aws-cloud/
Krishna,thephillips.com.au,https://www.philips.com.au/,HIGH,VMware,Working,AWS,https://www.philips.com.au/c-dam/b2bhc/master/hts/healthsuite/hsdp-virtual-clinical-trials.pdf,,,,,https://www.philips.com.au/c-dam/b2bhc/master/hts/healthsuite/hsdp-virtual-clinical-trials.pdf
Krishna,thephillips.com.au,https://www.philips.com.au/,HIGH,VMware,,S3,https://www.philips.com.au/c-dam/b2bhc/master/hts/healthsuite/hsdp-health-cloud-strategic-playbook.pdf,,,,,https://www.philips.com.au/c-dam/b2bhc/master/hts/healthsuite/hsdp-health-cloud-strategic-playbook.pdf
Krishna,Thermo Fisher Scientific K.K.,https://www.thermofisher.com/in/en/home/life-science/bioproduction/gibco-bioprocessing/media-manufacturing-services.html?gclid=Cj0KCQjwkN--BhDkARIsAD_mnIp_HUczB7dLIBIb2iLhjHdbc0pa7Ly1VnJ7aear224afKq4z2Afk1saAvAXEALw_wcB&cid=bpd_cct_cgt_r01_co_cp1494_pjt9294_col000000_0se_gaw_rs_awa_kt_s00_COF&ef_id=Cj0KCQjwkN--BhDkARIsAD_mnIp_HUczB7dLIBIb2iLhjHdbc0pa7Ly1VnJ7aear224afKq4z2Afk1saAvAXEALw_wcB:G:s&s_kwcid=AL!3652!3!713476762791!b!!g!!thermo%20fisher%20media!21701325515!168435202698&gad_source=1,LOW,VMware,,S3,https://www.thermofisher.com/us/en/home/products-and-services/promotions/industrial/samplemanager-lims-software-cloud-services.html,,,,,https://www.thermofisher.com/us/en/home/products-and-services/promotions/industrial/samplemanager-lims-software-cloud-services.html
Krishna,Think Palm Technology Pvt. Limited,http://www.thinkpalm.com,HIGH,VMware,,AWS,https://thinkpalm.com/blogs/what-is-aws-iot-and-how-is-it-enhancing-business-operations/,,,,,https://thinkpalm.com/blogs/what-is-aws-iot-and-how-is-it-enhancing-business-operations/
Krishna,ThinkSys Software Pvt Ltd,https://thinksys.com/,HIGH,VMware,Working,AWS,https://thinksys.com/aws/azure-and-aws-business-enabler/,,,,,https://thinksys.com/aws/azure-and-aws-business-enabler/
Krishna,ThinkSys Software Pvt Ltd,https://thinksys.com/,HIGH,VMware,,Amazon RDS,https://thinksys.com/aws/serverless-computing-with-aws-azure-google-cloud/,,,,,https://thinksys.com/aws/serverless-computing-with-aws-azure-google-cloud/
Krishna,TL Consulting Group,http://www.tlconsulting.com.au,HIGH,VMware,Working,AWS,https://tlconsulting.com.au/blogs/top-cloud-plays-in-2023-unlocking-innovation-and-agility/,,,,,https://tlconsulting.com.au/blogs/top-cloud-plays-in-2023-unlocking-innovation-and-agility/
Krishna,TL Consulting Group,http://www.tlconsulting.com.au,HIGH,VMware,,Lambda,https://tlconsulting.com.au/blogs/top-cloud-plays-in-2023-unlocking-innovation-and-agility/,,,,,https://tlconsulting.com.au/blogs/top-cloud-plays-in-2023-unlocking-innovation-and-agility/
Krishna,Tokyo electron korea,https://www.tel.co.jp/,LOW,VMware,Working,AWS,https://www.tel.co.jp/museum/magazine/intractable/report01_03/03.html,,,,,https://www.tel.co.jp/museum/magazine/intractable/report01_03/03.html
Krishna,Toss Bank,https://toss.im/en,LOW,VMware,Working,AWS,https://toss.im/tossfeed/article/amzn-advertisement-business,,,,,https://toss.im/tossfeed/article/amzn-advertisement-business
Krishna,Trangile Services Private Limited,http://www.trangile.com,HIGH,VMware,,EBS,https://trangile.com/2024/10/07/all-you-need-to-know-about-cloud-computing-and-cloud-storage/,,,,,https://trangile.com/2024/10/07/all-you-need-to-know-about-cloud-computing-and-cloud-storage/
Krishna,Tribal Group,http://www.tribalgroup.com/,HIGH,VMware,,EBS,https://www.tribalgroup.com/investors/governance/delivering-growth,,,,,https://www.tribalgroup.com/investors/governance/delivering-growth
Krishna,Tribunnews,https://www.tribunnews.com/,LOW,VMware,,S3,https://www.tribunnews.com/new-economy/2025/04/18/terjadi-gangguan-sistem-aws-sebagian-operasional-platform-investasi-kripto-ikut-terdampak,,,,,https://www.tribunnews.com/new-economy/2025/04/18/terjadi-gangguan-sistem-aws-sebagian-operasional-platform-investasi-kripto-ikut-terdampak
Krishna,Tridiagonal Solutions,https://tridiagonal.com/,HIGH,VMware,Working,AWS,https://tridiagonal.com/events/webinar/pharma-manufacturing-with-aws-iot,,,,,https://tridiagonal.com/events/webinar/pharma-manufacturing-with-aws-iot
Krishna,"True Internet Data Center Co., Ltd",http://www.trueidc.com,HIGH,VMware,Working,Amazon EC2,https://www.trueidc.com/en/service/6/Amazon-Web-Services-Cloud,,,,,https://www.trueidc.com/en/service/6/Amazon-Web-Services-Cloud
Krishna,,,HIGH,VMware,,AWS cloud,https://www.trueidc.com/en/service/6/Amazon-Web-Services-Cloud,,,,,https://www.trueidc.com/en/service/6/Amazon-Web-Services-Cloud
Krishna,UNGP - UNESCAP,http://www.unescap.org/,HIGH,VMware,Working,Amazon EC2,https://www.unescap.org/sites/default/d8files/event-documents/4-1_Accelerating%20Digital%20Transformation%20with%20Cloud%20Computing_Ms.%20Natasha%20Beschorner.pdf,,,,,https://www.unescap.org/sites/default/d8files/event-documents/4-1_Accelerating%20Digital%20Transformation%20with%20Cloud%20Computing_Ms.%20Natasha%20Beschorner.pdf
Krishna,UNGP - UNESCAP,http://www.unescap.org/,HIGH,VMware,,AWS cloud,https://www.unescap.org/sites/default/d8files/event-documents/4-1_Accelerating%20Digital%20Transformation%20with%20Cloud%20Computing_Ms.%20Natasha%20Beschorner.pdf,,,,,https://www.unescap.org/sites/default/d8files/event-documents/4-1_Accelerating%20Digital%20Transformation%20with%20Cloud%20Computing_Ms.%20Natasha%20Beschorner.pdf
Krishna,United Coconut Planters Life Assurance Corporation (Cocolife),https://www.cocolife.com/,,VMware,Working,AWS,https://www.cocolife.com/wp-content/uploads/2024/02/11_COCOLIFE-Global-Consumer-Trends-Investment-Fund-NOVEMBER-2023.pdf,,,,,https://www.cocolife.com/wp-content/uploads/2024/02/11_COCOLIFE-Global-Consumer-Trends-Investment-Fund-NOVEMBER-2023.pdf
Krishna,UnitedLex Corporation,http://www.unitedlex.com/,HIGH,VMware,,AWS cloud,https://unitedlex.com/insights/putting-chatgpt-to-the-patent-analysis-test/,,,,,https://unitedlex.com/insights/putting-chatgpt-to-the-patent-analysis-test/
Krishna,Universitas Perintis Indonesia,http://www.upertis.ac.id/,HIGH,VMware,Invalid Industry,AWS,http://repo.upertis.ac.id/1782/1/Clean-In-Place%20for%20Biopharmaceutical%20Processes.pdf,,,,,http://repo.upertis.ac.id/1782/1/Clean-In-Place%20for%20Biopharmaceutical%20Processes.pdf
Krishna,UPM,http://www.upm.com/,HIGH,VMware,Working,AWS,https://www.upm.com/siteassets/asset/investors/2011/upmannualreport2011.pdf,,,,,https://www.upm.com/siteassets/asset/investors/2011/upmannualreport2011.pdf
Krishna,Validus Wealth,https://www.lgt.com/global-en,HIGH,VMware,Working,AWS,https://www.lgt.com/global-en/market-assessments/market-view/when-10-000-000-000-000-000-000-000-000-000-000-years-become-five-minutes-248522,,,,Validus Wealth operates as a subsidiary under the LGT Group,https://www.lgt.com/global-en/market-assessments/market-view/when-10-000-000-000-000-000-000-000-000-000-000-years-become-five-minutes-248522
Krishna,VALUELABS LLP,http://www.valuelabs.com,HIGH,VMware,,Shield,https://www.valuelabs.com/partners/aws/,,,,,https://www.valuelabs.com/partners/aws/
Krishna,Veritas,http://www.veritas.com/,HIGH,VMware,Working,Amazon EC2,https://www.veritas.com/solution/amazon-web-services,,,,Veritas Technologies LLC was acquired by Cohesity. ,https://www.veritas.com/solution/amazon-web-services
Krishna,,,HIGH,VMware,,AWS cloud,https://www.veritas.com/solution/amazon-web-services,,,,,https://www.veritas.com/solution/amazon-web-services
Krishna,,,HIGH,VMware,,Shield,https://www.vertexplus.com/blog/emerging-iot-technologies-you-need-to-know,,,,,https://www.vertexplus.com/blog/emerging-iot-technologies-you-need-to-know
Krishna,,,HIGH,VMware,,AWS cloud,https://www.vertiv.com/globalassets/products/monitoring-control-and-management/software/turning-your-data-center-into-a-strategic-asset.pdf,,,,,https://www.vertiv.com/globalassets/products/monitoring-control-and-management/software/turning-your-data-center-into-a-strategic-asset.pdf
Krishna,VirtualTechGurus,https://virtualtechgurus.com,HIGH,VMware,,EC2,https://virtualtechgurus.com/aws-cloud-management-tools/,,,,,https://virtualtechgurus.com/aws-cloud-management-tools/
Krishna,"Visionet Data Internasional, PT",http://visionet.co.id/,HIGH,VMware,Working,EC2,https://www.visionet.co.id/articles/must-know-these-are-the-advantages-of-aws-cloud-for-business/,,,,,https://www.visionet.co.id/articles/must-know-these-are-the-advantages-of-aws-cloud-for-business/
Krishna,,http://visionet.co.id/,HIGH,VMware,,AWS,https://www.visionet.co.id/articles/must-know-these-are-the-advantages-of-aws-cloud-for-business/,,,,,https://www.visionet.co.id/articles/must-know-these-are-the-advantages-of-aws-cloud-for-business/
Krishna,Vitarich Corporation,http://www.vitarich.com/,HIGH,VMware,Working,AWS,https://vitarich.com/wp-content/uploads/2020/10/GIS-2020.pdf,,,,,https://vitarich.com/wp-content/uploads/2020/10/GIS-2020.pdf
Krishna,Volkswagen Financial Services,https://www.vwfs.com.au/,,VMware,Working,S3,https://www.vwfs.com/content/dam/bluelabel/valid/www-vwfs-com/investor-relations/vwfs-ag/asset-backed-securities/volkswagen-d-ieteren-finance-sa-/driver-belgium-master/Driver%20Belgium%20Master%20-%20Base%20Prospectus.pdf,,,,Website and linkedin updated,https://www.vwfs.com/content/dam/bluelabel/valid/www-vwfs-com/investor-relations/vwfs-ag/asset-backed-securities/volkswagen-d-ieteren-finance-sa-/driver-belgium-master/Driver%20Belgium%20Master%20-%20Base%20Prospectus.pdf
Krishna,,,HIGH,VMware,,S3,https://www.emergys.com/blog/migrating-data-from-amazon-redshift-to-snowflake/,,,,,https://www.emergys.com/blog/migrating-data-from-amazon-redshift-to-snowflake/
Krishna,wavelabs,https://www.veltris.com/,HIGH,VMware,,EC2,https://www.veltris.com/blogs/everything-you-need-to-know-about-aws-cloud-computing/,,,,,https://www.veltris.com/blogs/everything-you-need-to-know-about-aws-cloud-computing/
Krishna,Wavenet International Pvt,https://www.globalwavenet.com/,HIGH,VMware,Invalid Country,AWS,https://globalwavenet.com/blog-posts/wavenet-launches-a-revolutionary-containerized-application-orchestration-platform-for-csps---ahasa-r,02 2021,,,Sri lanka ,https://globalwavenet.com/blog-posts/wavenet-launches-a-revolutionary-containerized-application-orchestration-platform-for-csps---ahasa-r
Krishna,WESTPAC BANKING CORPORATION,https://www.westpac.com.au/about-westpac/global-locations/westpac-in-asia/,LOW,VMware,,Shield,https://www.westpac.com.au/business-banking/transaction-accounts/business-one-plus/partner-offers/,,,,,https://www.westpac.com.au/business-banking/transaction-accounts/business-one-plus/partner-offers/
Krishna,Whizlabs Software Pvt. Ltd.,http://www.whizlabs.com,LOW,VMware,,EC2,https://www.whizlabs.com/aws-certifications/,,,,,https://www.whizlabs.com/aws-certifications/
Krishna,Wiseguy,https://www.wiseguyreports.com,HIGH,VMware,Working,AWS,https://www.wiseguyreports.com/reports/automotive-winches-system-aws-market,,,,,https://www.wiseguyreports.com/reports/automotive-winches-system-aws-market
Krishna,Wiseguy,https://www.wiseguyreports.com,HIGH,VMware,,Amazon DynamoDB,https://www.wiseguyreports.com/reports/cloud-native-database-market,,,,,https://www.wiseguyreports.com/reports/cloud-native-database-market
Krishna,X-Team,http://www.x-team.com,HIGH,VMware,Working,AWS,https://x-team.com/magazine/aws-mistakes-to-avoid,12 2022,,,,https://x-team.com/magazine/aws-mistakes-to-avoid
Krishna,,,HIGH,VMware,,S3,https://x-team.com/magazine/aws-mistakes-to-avoid,,,,,https://x-team.com/magazine/aws-mistakes-to-avoid
Krishna,Xebia India Pvt. Ltd.,https://xebia.com/,HIGH,VMware,,AWS,https://website.xebia.com/digital-transformation/cloud/amazon-web-services/,,,,,https://website.xebia.com/digital-transformation/cloud/amazon-web-services/
Krishna,Yancoal Australia Limited,http://www.yancoal.com.au,HIGH,VMware,Working,AWS,https://www.yancoal.com.au/wp-content/uploads/2024/10/Austar-Stage-3-EA-Appendix-17-Air-Quality.pdf,,,,,https://www.yancoal.com.au/wp-content/uploads/2024/10/Austar-Stage-3-EA-Appendix-17-Air-Quality.pdf
Krishna,Yuanta Securities Thailand Co Ltd,http://www.yuanta.co.th,,VMware,Invalid Country,AWS,https://www.yuanta.co.th/blog/stock/5-outstanding-stocks-from-foreign-stock-markets,,,,Linkedin Not Relevant,https://www.yuanta.co.th/blog/stock/5-outstanding-stocks-from-foreign-stock-markets
Krishna,ZDNet Korea,http://www.zdnet.co.kr,HIGH,VMware,,S3,https://zdnet.co.kr/view/?no=20240802135305,,,,,https://zdnet.co.kr/view/?no=20240802135305
Krishna,Zerto,http://www.zerto.com/,HIGH,VMware,,EC2,https://www.zerto.com/myzerto/forums/forum/amazon-aws/,,,,,https://www.zerto.com/myzerto/forums/forum/amazon-aws/
Krishna,Zerto,http://www.zerto.com/,HIGH,VMware,,S3,https://www.zerto.com/myzerto/forums/forum/amazon-aws/,,,,,https://www.zerto.com/myzerto/forums/forum/amazon-aws/
,,,,,,,,,,,,
,,,,,,,,,,,,
,,,,,,,,,,,,
,,,,,,,,,,,,
,,,,,,,,,,,,
,,,,,,,,,,,,
,,,,,,,,,,,,
,,,,,,,,,,,,
,,,,,,,,,,,,
,,,,,,,,,,,,
,,,,,,,,,,,,
,,,,,,,,,,,,
,,26,,,,,,,,,,
